"stratum","finalwt","age","race","sex","numarr","prviol","everdrug"
1,7.24192935814659,17,2,1,99,0,0
1,7.24192935814659,17,2,1,10,0,0
1,7.24192935814659,16,2,1,12,0,1
1,7.24192935814659,17,2,1,1,0,1
1,7.24192935814659,18,1,1,11,1,1
1,7.24192935814659,16,2,1,7,1,1
1,7.24192935814659,17,2,1,1,1,0
1,7.24192935814659,16,1,1,1,0,1
1,7.24192935814659,18,1,1,6,1,1
1,7.24192935814659,17,1,1,10,1,1
1,7.24192935814659,16,1,1,2,0,1
1,7.24192935814659,15,1,1,99,1,1
1,7.24192935814659,17,2,1,2,0,1
1,7.24192935814659,14,1,1,2,0,0
1,7.24192935814659,14,2,1,96,0,1
1,7.24192935814659,15,2,1,20,1,1
1,7.24192935814659,15,2,1,7,0,0
1,7.24192935814659,15,2,1,1,0,1
1,7.24192935814659,14,2,1,99,0,0
1,7.24192935814659,14,2,1,2,0,0
1,7.24192935814659,16,1,1,4,0,1
1,7.24192935814659,17,1,1,18,1,1
1,7.24192935814659,14,1,1,1,1,0
1,7.24192935814659,15,2,1,1,0,1
1,7.24192935814659,17,1,1,1,0,0
1,7.24192935814659,17,2,1,4,0,0
1,7.24192935814659,17,4,1,1,0,1
1,7.24192935814659,15,1,1,20,1,1
1,7.24192935814659,15,2,1,99,0,1
1,7.24192935814659,17,2,1,2,0,1
1,7.24192935814659,17,1,1,1,1,1
1,7.24192935814659,17,1,1,3,0,0
1,7.24192935814659,15,2,1,2,0,1
1,7.24192935814659,14,2,1,99,0,0
1,7.24192935814659,16,1,1,1,0,1
1,7.24192935814659,15,1,1,99,0,0
1,7.24192935814659,15,1,1,8,0,1
1,7.24192935814659,17,1,1,5,1,1
1,7.24192935814659,15,1,1,1,0,1
1,7.24192935814659,14,1,1,4,0,1
1,7.24192935814659,15,1,1,6,0,1
1,7.24192935814659,17,4,1,10,0,1
1,7.24192935814659,15,4,1,4,1,1
1,7.24192935814659,17,1,1,2,0,1
1,7.24192935814659,15,1,1,6,1,1
1,7.24192935814659,14,1,1,1,0,0
1,7.24192935814659,14,1,1,11,1,1
1,7.24192935814659,17,1,1,4,0,1
1,7.24192935814659,14,1,1,4,0,1
1,7.24192935814659,17,1,1,NA,1,1
1,7.24192935814659,14,1,1,5,0,1
1,7.24192935814659,13,1,1,4,1,1
1,7.24192935814659,16,1,1,1,0,1
1,7.24192935814659,14,4,1,10,0,1
1,7.24192935814659,15,1,1,4,0,1
1,7.24192935814659,14,4,1,2,1,1
1,7.24192935814659,15,1,1,2,0,1
1,7.24192935814659,16,4,1,7,1,1
1,7.24192935814659,16,2,1,4,0,1
1,7.24192935814659,17,1,1,25,0,1
1,7.24192935814659,15,1,1,10,0,1
1,7.24192935814659,15,1,1,15,0,1
1,7.24192935814659,13,1,1,10,0,1
1,7.24192935814659,16,3,1,1,0,1
1,7.24192935814659,17,1,1,99,0,1
1,7.24192935814659,17,1,1,1,0,1
1,7.24192935814659,15,1,1,3,0,1
1,7.24192935814659,17,1,1,8,0,1
1,7.24192935814659,15,2,1,7,1,1
1,7.24192935814659,17,1,1,1,0,1
1,7.24192935814659,16,1,1,5,1,1
1,7.24192935814659,17,1,1,1,0,0
1,7.24192935814659,17,1,1,1,0,1
1,7.24192935814659,14,4,1,15,0,1
1,7.24192935814659,15,1,1,3,0,0
1,7.24192935814659,17,1,1,1,0,0
1,7.24192935814659,17,4,1,1,0,1
1,7.24192935814659,17,1,1,1,0,1
1,7.24192935814659,16,1,1,15,0,1
1,7.24192935814659,17,1,1,2,0,1
1,7.24192935814659,14,4,1,4,0,1
1,7.24192935814659,17,4,1,5,0,1
1,7.24192935814659,16,4,1,4,1,1
1,7.24192935814659,17,1,1,6,0,1
1,7.24192935814659,15,1,1,1,0,0
1,7.24192935814659,15,1,1,8,0,1
1,7.24192935814659,15,2,1,5,0,1
1,8.27649069502468,16,1,1,5,0,1
1,8.27649069502468,15,1,1,4,0,1
1,8.27649069502468,16,4,1,3,0,1
1,8.27649069502468,15,1,1,15,1,1
1,8.27649069502468,16,1,1,17,0,1
1,8.27649069502468,17,1,1,20,0,1
1,8.27649069502468,17,1,1,5,0,1
1,8.27649069502468,16,1,1,1,0,0
1,8.27649069502468,16,1,1,1,0,1
1,8.27649069502468,17,1,1,96,1,1
1,8.27649069502468,17,1,1,3,0,1
1,8.27649069502468,17,1,1,2,0,1
1,8.27649069502468,16,1,1,4,1,1
1,8.27649069502468,17,1,1,2,0,1
1,8.27649069502468,17,1,1,NA,0,1
1,8.27649069502468,18,1,1,40,0,1
1,8.27649069502468,17,1,1,6,1,1
1,8.27649069502468,17,1,1,2,1,1
1,7.24192935814659,17,2,1,80,1,1
1,8.27649069502468,17,1,1,2,1,0
1,8.27649069502468,16,1,1,15,1,1
1,19.6566654006836,15,1,1,1,0,1
1,26.8985947588302,16,2,1,10,1,1
1,19.6566654006836,16,1,1,2,0,1
1,19.6566654006836,14,1,1,4,1,0
1,19.6566654006836,16,1,1,12,1,1
1,26.8985947588302,14,2,1,4,0,0
1,26.8985947588302,14,2,1,30,1,0
1,26.8985947588302,15,2,1,10,1,1
1,19.6566654006836,16,1,1,3,1,1
1,26.8985947588302,16,2,1,6,0,1
1,19.6566654006836,17,1,1,5,1,1
1,19.6566654006836,14,1,1,50,1,1
1,19.6566654006836,16,1,1,4,0,1
1,26.8985947588302,16,2,1,8,1,1
1,19.6566654006836,16,1,1,30,0,1
1,19.6566654006836,16,1,1,5,0,1
1,26.8985947588302,16,2,1,1,0,0
1,26.8985947588302,16,2,1,4,0,1
1,26.8985947588302,17,2,1,25,1,0
1,26.8985947588302,16,2,1,14,1,1
1,26.8985947588302,17,2,1,5,0,1
1,19.6566654006836,15,1,1,12,1,1
1,26.8985947588302,16,2,1,3,0,1
1,26.8985947588302,15,2,1,NA,0,0
1,26.8985947588302,16,2,1,1,0,0
1,26.8985947588302,15,2,1,11,1,1
1,19.6566654006836,17,1,1,3,1,1
1,24.829472085074,16,2,1,7,1,1
1,24.829472085074,16,2,1,8,1,1
1,18.6221040638055,16,1,1,6,1,1
1,18.6221040638055,15,1,1,5,0,1
1,18.6221040638055,15,1,1,1,0,1
1,24.829472085074,15,2,1,5,0,1
1,24.829472085074,16,2,1,16,0,1
1,24.829472085074,15,2,1,8,1,1
1,24.829472085074,15,2,1,40,1,1
1,24.829472085074,15,2,1,4,0,1
1,18.6221040638055,16,3,1,5,0,1
1,24.829472085074,16,2,1,5,0,1
1,24.829472085074,15,2,1,4,1,1
1,24.829472085074,16,2,1,4,0,1
1,24.829472085074,15,2,1,1,0,0
1,18.6221040638055,15,1,1,5,0,1
1,18.6221040638055,16,5,1,2,0,0
1,18.6221040638055,16,1,1,5,0,0
1,18.6221040638055,16,1,1,3,1,1
1,24.829472085074,15,2,1,4,0,1
1,18.6221040638055,16,1,1,6,0,1
1,18.6221040638055,15,5,1,1,0,NA
1,18.6221040638055,15,5,1,4,0,1
1,24.829472085074,16,2,1,2,0,1
1,18.6221040638055,16,1,1,20,0,1
1,18.6221040638055,15,1,1,3,0,1
1,24.829472085074,16,2,1,10,1,1
1,18.6221040638055,16,5,1,2,0,1
1,18.6221040638055,16,1,1,6,0,1
1,24.829472085074,16,2,1,1,0,1
1,18.6221040638055,17,1,1,2,1,1
1,24.829472085074,16,2,1,3,0,1
1,18.6221040638055,16,1,1,4,0,1
1,24.829472085074,13,2,1,3,0,0
1,18.6221040638055,15,5,1,4,0,1
1,24.829472085074,15,2,1,6,1,1
1,36.209646790733,14,2,1,1,0,0
1,35.1750854538549,16,1,1,15,0,1
1,36.209646790733,15,2,1,3,0,0
1,35.1750854538549,16,1,1,35,1,1
1,35.1750854538549,16,1,1,6,1,1
1,36.209646790733,17,2,1,5,0,1
1,35.1750854538549,17,1,1,3,0,1
1,35.1750854538549,16,1,1,6,1,1
1,36.209646790733,13,2,1,30,0,0
1,35.1750854538549,13,1,1,6,0,1
1,35.1750854538549,12,1,1,2,0,0
1,36.209646790733,13,2,1,5,1,1
1,36.209646790733,13,2,1,2,1,0
1,36.209646790733,13,2,1,3,1,0
2,13.5788514129444,15,2,1,6,0,1
2,13.5788514129444,18,1,1,12,0,1
2,13.5788514129444,15,1,1,3,0,0
2,13.5788514129444,16,1,1,3,0,1
2,13.5788514129444,16,1,1,2,1,1
2,13.5788514129444,13,1,1,7,1,0
2,13.5788514129444,17,1,1,1,0,1
2,13.5788514129444,16,1,1,1,0,1
2,13.5788514129444,17,1,1,1,0,1
2,13.5788514129444,15,1,1,4,0,1
2,13.5788514129444,17,1,1,3,0,1
2,13.5788514129444,14,2,1,15,1,1
2,13.5788514129444,14,2,1,1,0,0
2,13.5788514129444,16,1,1,5,0,0
2,13.5788514129444,14,1,1,2,0,1
2,13.5788514129444,15,2,1,NA,0,1
2,13.5788514129444,15,1,1,12,1,1
2,13.5788514129444,15,2,1,30,0,1
2,13.5788514129444,16,2,1,2,1,0
2,13.5788514129444,16,2,1,11,0,1
2,13.5788514129444,15,2,1,NA,0,1
2,13.5788514129444,16,2,1,4,1,1
2,13.5788514129444,15,2,1,2,0,1
2,13.5788514129444,14,1,1,3,0,1
2,13.5788514129444,16,2,1,2,0,1
2,13.5788514129444,16,2,1,2,0,0
2,13.5788514129444,16,1,1,46,1,1
2,13.5788514129444,15,2,1,5,0,0
2,15.5186873290793,14,1,1,8,1,1
2,15.5186873290793,17,1,1,1,0,1
2,15.5186873290793,16,1,1,3,0,1
2,15.5186873290793,15,1,2,5,0,1
2,15.5186873290793,16,1,1,25,0,1
2,15.5186873290793,16,1,2,4,1,1
2,15.5186873290793,16,1,1,96,1,1
2,15.5186873290793,16,1,1,10,0,1
2,15.5186873290793,16,1,1,45,1,1
2,15.5186873290793,17,1,1,NA,1,1
2,15.5186873290793,18,1,1,2,0,1
2,15.5186873290793,18,1,1,15,0,1
2,15.5186873290793,18,1,1,4,1,1
2,15.5186873290793,17,1,1,3,0,1
2,15.5186873290793,16,1,1,25,1,1
2,15.5186873290793,16,1,1,5,1,1
2,15.5186873290793,15,1,1,15,1,1
2,15.5186873290793,16,4,1,12,1,1
2,15.5186873290793,16,1,1,6,1,1
2,15.5186873290793,16,1,1,15,1,1
2,15.5186873290793,16,1,1,10,0,1
2,15.5186873290793,16,1,1,3,0,1
2,15.5186873290793,18,1,1,20,1,1
2,15.5186873290793,15,1,1,19,1,1
2,15.5186873290793,14,1,2,50,0,1
2,15.5186873290793,16,1,2,NA,0,1
2,15.5186873290793,14,1,1,27,0,1
2,15.5186873290793,17,1,1,6,1,1
2,19.3983591613491,16,2,1,6,0,1
2,19.3983591613491,13,2,1,20,1,1
2,19.3983591613491,16,2,1,7,1,1
2,19.3983591613491,15,2,1,10,0,1
2,19.3983591613491,15,2,1,4,1,0
2,19.3983591613491,15,2,1,2,1,1
2,27.1577028258888,16,1,1,1,0,0
2,19.3983591613491,15,2,1,2,0,1
2,19.3983591613491,12,2,1,11,0,1
2,27.1577028258888,15,1,1,1,0,1
2,19.3983591613491,12,2,1,7,0,1
2,19.3983591613491,14,2,1,99,0,1
2,27.1577028258888,15,1,1,2,0,1
2,19.3983591613491,15,2,1,1,0,1
2,19.3983591613491,16,2,1,1,0,1
2,19.3983591613491,13,2,1,1,1,0
2,27.1577028258888,14,1,1,4,0,1
2,19.3983591613491,13,2,1,1,0,0
2,19.3983591613491,16,2,1,3,0,0
2,19.3983591613491,16,2,1,99,0,1
2,27.1577028258888,14,1,1,1,0,0
2,27.1577028258888,16,1,1,15,0,1
2,19.3983591613491,16,2,1,4,0,1
2,19.3983591613491,14,2,1,1,0,1
2,19.3983591613491,12,2,1,5,0,0
2,19.3983591613491,13,2,1,2,0,0
2,19.3983591613491,13,2,1,3,0,0
2,27.1577028258888,14,1,1,4,0,1
2,27.1577028258888,15,1,1,2,1,1
2,27.1577028258888,14,1,1,1,0,1
2,19.3983591613491,15,2,1,1,1,1
2,19.3983591613491,15,2,1,6,1,1
2,27.1577028258888,16,1,1,10,0,1
2,19.3983591613491,15,2,1,1,0,1
2,19.3983591613491,15,2,1,1,0,0
2,19.3983591613491,14,2,1,1,0,0
2,19.3983591613491,15,2,1,1,0,0
2,19.3983591613491,15,2,1,4,1,1
2,19.3983591613491,15,2,1,2,0,1
2,27.1577028258888,16,1,1,5,0,1
2,19.3983591613491,14,2,1,2,0,1
2,27.1577028258888,11,1,1,1,0,0
2,19.3983591613491,14,2,1,99,0,1
2,27.1577028258888,15,1,1,3,0,1
2,19.3983591613491,16,2,1,1,1,1
2,15.5186873290793,16,1,1,40,1,1
2,15.5186873290793,15,1,1,4,0,1
2,15.5186873290793,15,1,1,75,0,1
2,15.5186873290793,15,1,1,3,0,1
2,15.5186873290793,15,1,1,8,0,1
2,15.5186873290793,16,1,1,6,0,1
2,15.5186873290793,15,1,1,10,0,1
2,14.5487693710119,15,2,1,15,0,1
2,15.5186873290793,18,1,1,96,0,0
2,15.5186873290793,17,1,1,5,0,1
2,15.5186873290793,17,1,1,10,0,1
2,15.5186873290793,18,1,1,1,0,0
2,15.5186873290793,19,1,1,14,1,1
2,15.5186873290793,16,1,1,25,1,1
2,15.5186873290793,18,1,1,25,0,1
2,14.5487693710119,17,2,1,99,0,1
2,15.5186873290793,18,5,1,30,1,1
2,15.5186873290793,15,1,1,1,0,0
2,15.5186873290793,15,1,1,1,0,1
2,15.5186873290793,18,1,2,3,1,1
2,15.5186873290793,18,1,2,1,0,1
2,15.5186873290793,19,1,2,4,0,1
2,15.5186873290793,19,1,2,14,0,1
2,15.5186873290793,17,1,2,5,0,1
2,15.5186873290793,17,1,2,12,0,1
2,15.5186873290793,15,1,2,3,1,1
2,15.5186873290793,18,1,2,1,1,1
2,15.5186873290793,14,1,2,6,0,1
2,15.5186873290793,18,1,2,NA,0,1
2,15.5186873290793,19,1,2,20,0,1
2,14.5487693710119,19,2,2,6,0,1
2,15.5186873290793,18,4,2,5,1,1
2,15.5186873290793,16,1,2,7,1,1
2,15.5186873290793,18,1,2,15,1,1
2,15.5186873290793,18,1,2,1,0,1
2,14.5487693710119,20,2,2,10,0,1
2,14.5487693710119,16,2,2,7,0,1
2,15.5186873290793,17,1,2,17,1,1
2,35.8869644484959,14,1,1,1,1,1
2,35.8869644484959,16,1,1,30,0,1
2,48.4958979033728,14,2,1,4,1,0
2,35.8869644484959,17,1,1,3,0,1
2,48.4958979033728,16,2,1,4,0,1
2,35.8869644484959,14,1,1,1,1,1
2,35.8869644484959,15,1,1,6,0,1
2,48.4958979033728,16,2,1,1,0,1
2,35.8869644484959,16,1,1,1,0,1
2,35.8869644484959,16,1,1,4,1,1
2,35.8869644484959,18,1,1,4,0,1
2,48.4958979033728,16,2,1,1,0,1
2,35.8869644484959,17,1,1,5,0,1
2,35.8869644484959,15,1,1,10,1,1
2,35.8869644484959,16,1,1,4,0,0
2,35.8869644484959,16,5,1,4,0,1
2,48.4958979033728,17,2,1,8,0,1
2,48.4958979033728,17,2,1,4,0,1
2,48.4958979033728,17,2,1,1,0,1
2,48.4958979033728,17,2,1,6,1,1
3,10.3403524834058,15,1,1,15,0,1
3,10.3403524834058,15,2,1,11,1,1
3,10.3403524834058,13,2,1,3,1,0
3,10.3403524834058,15,1,1,12,1,1
3,10.3403524834058,15,1,1,3,0,1
3,10.3403524834058,17,1,1,2,0,1
3,10.3403524834058,16,2,1,2,1,1
3,10.3403524834058,16,2,1,NA,1,1
3,10.3403524834058,14,2,1,5,0,1
3,10.3403524834058,16,1,1,30,1,1
3,10.3403524834058,15,2,1,16,0,1
3,10.3403524834058,15,2,1,8,0,0
3,10.3403524834058,15,1,1,3,0,1
3,10.3403524834058,15,1,1,13,1,1
3,10.3403524834058,14,2,1,4,0,0
3,10.3403524834058,17,2,1,70,0,1
3,10.3403524834058,13,1,1,12,1,1
3,10.3403524834058,15,1,1,3,0,1
3,10.3403524834058,14,1,1,13,1,1
3,10.3403524834058,15,1,1,4,1,0
3,10.3403524834058,14,2,1,2,0,0
3,10.3403524834058,15,2,1,8,0,1
3,10.3403524834058,16,2,1,65,0,1
3,10.3403524834058,16,2,1,4,0,0
3,10.3403524834058,14,2,1,2,0,0
3,10.3403524834058,15,2,1,15,1,0
3,10.3403524834058,17,1,1,40,1,1
3,10.3403524834058,15,1,1,1,0,1
3,10.3403524834058,15,2,1,2,0,1
3,10.3403524834058,16,1,1,40,0,1
3,10.3403524834058,15,1,1,7,0,1
3,10.3403524834058,13,1,1,5,0,1
3,10.3403524834058,16,1,1,3,0,1
3,10.3403524834058,15,2,1,3,0,1
3,10.3403524834058,14,1,1,5,1,1
3,10.3403524834058,17,1,1,20,0,1
3,10.3403524834058,16,1,1,2,0,0
3,10.3403524834058,17,2,1,25,1,1
3,10.3403524834058,16,2,1,6,1,1
3,10.3403524834058,16,2,1,2,1,0
3,10.3403524834058,16,2,1,3,0,1
3,10.3403524834058,15,1,1,1,0,0
3,10.3403524834058,15,2,1,2,1,1
3,10.3403524834058,16,2,1,NA,1,0
3,10.3403524834058,15,1,1,1,0,1
3,10.3403524834058,15,1,1,4,0,1
3,10.3403524834058,15,2,1,1,0,0
3,10.3403524834058,15,1,1,2,0,1
3,10.3403524834058,16,1,1,3,1,1
3,10.3403524834058,14,2,1,1,0,0
3,10.3403524834058,16,2,1,10,1,0
3,10.3403524834058,13,5,1,2,0,1
3,10.3403524834058,16,1,1,2,0,1
3,10.3403524834058,14,1,1,2,0,0
3,10.3403524834058,14,2,1,2,0,0
3,10.3403524834058,15,2,1,12,0,1
3,10.3403524834058,15,2,1,2,1,1
3,11.2803845273518,14,1,2,2,0,1
3,11.2803845273518,17,4,1,35,1,1
3,11.2803845273518,17,1,2,4,0,1
3,11.2803845273518,16,1,1,2,0,1
3,11.2803845273518,16,1,1,16,1,1
3,11.2803845273518,15,1,2,4,0,1
3,11.2803845273518,16,1,1,3,1,1
3,11.2803845273518,15,1,1,2,0,1
3,11.2803845273518,14,1,1,15,0,1
3,11.2803845273518,17,1,2,4,0,1
3,11.2803845273518,17,1,2,12,0,1
3,11.2803845273518,16,1,1,5,1,1
3,11.2803845273518,16,1,1,1,0,0
3,11.2803845273518,17,1,1,4,0,1
3,11.2803845273518,16,1,1,3,0,0
3,11.2803845273518,17,1,1,1,0,1
3,11.2803845273518,17,2,2,7,0,1
3,11.2803845273518,14,1,2,15,0,1
3,11.2803845273518,18,1,2,1,0,0
3,11.2803845273518,17,1,2,15,1,1
3,11.2803845273518,17,1,1,15,1,1
3,11.2803845273518,16,1,2,6,1,1
3,11.2803845273518,17,1,1,3,1,1
3,11.2803845273518,17,1,1,2,1,1
3,11.2803845273518,18,1,1,25,1,1
3,11.2803845273518,14,1,2,20,0,1
3,11.2803845273518,16,1,1,4,0,1
3,11.2803845273518,18,4,1,1,0,1
3,11.2803845273518,17,1,1,20,1,1
3,11.2803845273518,15,1,2,12,1,1
3,11.2803845273518,17,1,1,2,0,1
3,11.2803845273518,17,1,1,5,1,1
3,11.2803845273518,16,1,1,1,0,1
3,11.2803845273518,16,2,1,16,0,1
3,11.2803845273518,14,2,1,1,0,1
3,11.2803845273518,16,1,1,3,0,1
3,11.2803845273518,15,1,1,1,1,1
3,11.2803845273518,15,1,1,1,0,1
3,11.2803845273518,17,3,1,6,0,1
3,11.2803845273518,16,1,1,6,1,1
3,11.2803845273518,17,1,1,8,0,1
3,11.2803845273518,15,1,1,12,0,1
3,11.2803845273518,16,3,1,10,0,1
3,11.2803845273518,16,1,1,1,0,1
3,11.2803845273518,17,1,2,1,0,1
3,11.2803845273518,15,1,1,1,0,0
3,11.2803845273518,16,1,2,5,0,1
3,11.2803845273518,14,1,1,4,0,1
3,11.2803845273518,13,1,1,5,0,1
3,11.2803845273518,13,1,1,96,0,1
3,11.2803845273518,15,2,1,2,0,1
3,11.2803845273518,16,1,2,6,0,1
3,11.2803845273518,13,1,1,35,1,1
3,11.2803845273518,16,1,1,1,0,1
3,11.2803845273518,15,1,1,1,0,1
3,11.2803845273518,13,1,1,30,1,1
3,11.2803845273518,14,1,1,5,1,1
3,11.2803845273518,15,1,1,7,0,1
3,11.2803845273518,14,2,1,13,1,1
3,11.2803845273518,15,1,2,NA,1,1
3,11.2803845273518,18,1,1,40,1,1
3,11.2803845273518,15,1,2,50,0,1
3,11.2803845273518,15,1,1,1,0,1
3,11.2803845273518,17,1,2,7,1,1
3,11.2803845273518,16,4,1,1,0,1
3,11.2803845273518,15,4,1,5,0,1
3,11.2803845273518,16,4,1,96,1,1
3,11.2803845273518,16,1,1,12,1,1
3,11.2803845273518,13,4,1,2,0,1
3,11.2803845273518,17,1,1,2,0,1
3,11.2803845273518,16,1,2,24,1,1
3,11.2803845273518,15,1,2,7,0,1
3,11.2803845273518,16,4,2,40,1,1
3,11.2803845273518,15,1,1,8,0,0
3,11.2803845273518,16,1,1,10,1,1
3,11.2803845273518,13,1,1,6,1,1
3,11.2803845273518,15,1,2,6,0,1
3,11.2803845273518,16,1,1,6,0,1
3,11.2803845273518,14,2,1,15,1,1
3,11.2803845273518,13,4,1,5,0,1
3,11.2803845273518,17,1,2,11,0,1
3,11.2803845273518,15,1,1,15,0,1
3,11.2803845273518,15,1,1,4,0,1
3,11.2803845273518,15,2,1,8,0,1
3,11.2803845273518,15,1,1,7,0,1
3,11.2803845273518,14,4,1,17,0,1
3,11.2803845273518,17,4,1,10,0,1
3,11.2803845273518,13,2,1,6,1,1
3,11.2803845273518,18,1,2,7,0,1
3,11.2803845273518,15,2,1,11,1,1
3,11.2803845273518,16,1,1,96,1,1
3,11.2803845273518,15,4,1,1,0,1
3,11.2803845273518,17,4,2,5,1,1
3,11.2803845273518,15,1,1,3,0,1
3,11.2803845273518,14,1,1,4,0,1
3,14.1004806591898,16,2,1,2,1,0
3,14.1004806591898,16,2,1,3,0,0
3,19.7406729228657,14,1,1,2,0,1
3,14.1004806591898,14,2,1,60,1,1
3,19.7406729228657,15,1,1,5,0,1
3,19.7406729228657,15,1,1,10,1,1
3,19.7406729228657,16,1,1,4,0,1
3,19.7406729228657,16,1,1,1,0,1
3,19.7406729228657,15,1,1,99,0,1
3,14.1004806591898,14,2,1,2,0,1
3,19.7406729228657,16,1,1,2,0,1
3,14.1004806591898,15,2,1,2,1,1
3,14.1004806591898,12,2,1,2,0,0
3,19.7406729228657,14,1,1,5,1,1
3,19.7406729228657,14,1,1,3,1,1
3,14.1004806591898,15,2,1,1,1,1
3,14.1004806591898,14,2,1,11,1,1
3,14.1004806591898,13,2,1,1,0,0
3,19.7406729228657,14,1,1,17,1,1
3,14.1004806591898,16,2,1,4,1,1
3,14.1004806591898,16,2,1,8,1,1
3,14.1004806591898,14,2,1,10,0,1
3,14.1004806591898,13,2,1,2,1,1
3,14.1004806591898,14,2,1,4,0,0
3,14.1004806591898,15,2,1,2,0,0
3,14.1004806591898,16,2,1,2,0,1
3,19.7406729228657,14,1,1,5,1,1
3,14.1004806591898,15,2,1,2,0,1
3,14.1004806591898,15,2,1,3,0,1
3,14.1004806591898,13,2,1,4,0,0
3,19.7406729228657,15,1,1,4,0,1
3,14.1004806591898,17,2,1,15,1,0
3,14.1004806591898,16,2,1,4,0,0
3,14.1004806591898,12,2,1,99,0,0
3,19.7406729228657,14,4,1,6,0,1
3,19.7406729228657,16,4,1,4,0,1
3,14.1004806591898,14,2,1,5,1,1
3,14.1004806591898,15,2,1,4,0,0
3,19.7406729228657,15,4,1,2,0,1
3,14.1004806591898,15,2,1,2,1,1
3,14.1004806591898,15,2,1,10,1,1
3,19.7406729228657,15,1,1,3,1,1
3,19.7406729228657,14,1,1,2,0,1
3,19.7406729228657,14,1,1,40,1,1
3,14.1004806591898,16,2,1,3,0,0
3,19.7406729228657,15,1,1,10,0,1
3,19.7406729228657,14,1,1,3,0,0
3,14.1004806591898,14,2,1,2,0,0
3,14.1004806591898,14,2,1,1,0,1
3,14.1004806591898,14,2,1,1,1,1
3,14.1004806591898,14,2,1,10,0,1
3,19.7406729228657,14,1,1,1,0,0
3,14.1004806591898,14,2,1,1,0,0
3,19.7406729228657,15,1,1,1,0,0
3,19.7406729228657,15,4,1,6,0,0
3,14.1004806591898,15,2,1,75,0,1
3,14.1004806591898,14,2,1,2,0,1
3,14.1004806591898,14,2,1,1,0,0
3,19.7406729228657,13,1,1,4,0,1
3,14.1004806591898,14,2,1,8,0,0
3,14.1004806591898,14,2,1,2,0,0
3,19.7406729228657,14,4,2,3,0,1
3,14.1004806591898,14,2,2,1,0,0
3,19.7406729228657,17,1,2,1,0,0
3,14.1004806591898,16,2,2,2,0,0
3,14.1004806591898,14,2,2,1,0,1
3,19.7406729228657,17,1,2,3,0,1
3,14.1004806591898,16,2,2,1,0,1
3,14.1004806591898,16,2,2,2,0,0
3,14.1004806591898,16,2,2,2,0,0
3,19.7406729228657,14,1,1,1,0,0
3,19.7406729228657,17,1,2,6,0,1
3,14.1004806591898,14,2,1,12,0,0
3,14.1004806591898,15,2,1,6,0,1
3,14.1004806591898,13,2,2,1,0,0
3,19.7406729228657,15,1,2,1,0,0
3,14.1004806591898,14,2,2,2,0,1
3,14.1004806591898,14,2,1,4,1,1
3,14.1004806591898,15,2,1,2,0,0
3,19.7406729228657,13,1,1,2,0,0
3,14.1004806591898,15,2,1,2,0,1
3,14.1004806591898,13,2,1,5,0,0
3,14.1004806591898,13,2,1,20,0,0
3,19.7406729228657,14,1,1,3,1,0
3,19.7406729228657,14,1,1,8,0,1
3,19.7406729228657,15,1,1,5,0,1
3,19.7406729228657,14,1,1,2,0,1
3,14.1004806591898,14,2,1,3,0,0
3,19.7406729228657,14,1,1,1,0,1
3,19.7406729228657,14,1,1,10,0,1
3,14.1004806591898,14,2,1,3,0,0
3,19.7406729228657,14,1,1,4,0,1
3,14.1004806591898,16,2,2,5,0,1
3,19.7406729228657,15,1,2,11,0,1
3,19.7406729228657,13,1,1,10,0,1
3,19.7406729228657,15,1,1,2,0,1
3,19.7406729228657,14,1,1,6,0,0
3,14.1004806591898,14,2,1,1,0,0
3,10.3403524834058,17,1,1,2,0,1
3,10.3403524834058,15,4,1,15,0,1
3,10.3403524834058,16,1,1,1,0,1
3,10.3403524834058,18,1,1,4,1,1
3,10.3403524834058,15,1,1,1,0,1
3,10.3403524834058,14,2,1,1,0,1
3,10.3403524834058,16,1,1,1,0,1
3,10.3403524834058,16,1,1,3,0,0
3,10.3403524834058,17,1,1,1,0,0
3,10.3403524834058,14,1,1,3,1,1
3,10.3403524834058,18,2,1,3,0,1
3,10.3403524834058,17,1,1,1,0,1
3,10.3403524834058,17,1,1,1,0,1
3,10.3403524834058,15,4,1,10,0,1
3,10.3403524834058,16,1,1,1,0,1
3,10.3403524834058,17,1,1,7,0,1
3,10.3403524834058,13,1,1,4,0,1
3,10.3403524834058,14,2,1,5,1,1
3,10.3403524834058,16,1,1,2,0,1
3,10.3403524834058,18,1,1,4,0,1
3,10.3403524834058,15,1,1,5,0,1
3,10.3403524834058,16,1,1,3,0,1
3,10.3403524834058,17,1,1,1,0,1
3,10.3403524834058,17,1,1,5,0,1
3,10.3403524834058,15,4,1,15,1,1
3,10.3403524834058,15,2,1,2,0,0
3,10.3403524834058,16,1,1,96,1,1
3,10.3403524834058,16,1,1,NA,0,1
3,10.3403524834058,16,1,1,1,0,1
3,10.3403524834058,15,1,1,10,0,1
3,10.3403524834058,17,1,1,12,0,1
3,10.3403524834058,17,1,1,3,0,1
3,10.3403524834058,16,4,1,3,0,1
3,10.3403524834058,15,1,1,4,0,1
3,10.3403524834058,15,2,1,25,0,1
3,10.3403524834058,17,1,1,2,0,1
3,10.3403524834058,16,1,1,1,0,1
3,10.3403524834058,17,1,1,5,0,1
3,10.3403524834058,17,1,1,3,0,1
3,10.3403524834058,15,2,1,1,0,1
3,10.3403524834058,16,1,1,2,0,1
3,10.3403524834058,15,2,1,1,0,1
3,10.3403524834058,16,2,1,40,0,1
3,10.3403524834058,18,1,1,5,0,1
3,10.3403524834058,17,1,1,1,0,1
3,10.3403524834058,15,1,1,2,0,0
3,10.3403524834058,16,1,1,1,0,1
3,10.3403524834058,13,1,1,4,0,0
3,10.3403524834058,15,1,1,7,0,1
3,10.3403524834058,15,2,1,10,0,1
3,10.3403524834058,17,1,1,30,0,1
3,10.3403524834058,16,1,1,5,0,1
3,10.3403524834058,17,1,1,6,0,1
3,10.3403524834058,18,2,1,5,1,1
3,10.3403524834058,16,1,1,10,0,1
3,10.3403524834058,17,1,1,25,1,1
3,10.3403524834058,17,1,1,4,0,0
3,10.3403524834058,17,1,1,20,0,1
3,10.3403524834058,18,1,1,1,1,1
3,10.3403524834058,17,1,1,10,1,1
3,10.3403524834058,16,2,1,1,0,1
3,10.3403524834058,18,1,1,30,1,1
3,10.3403524834058,18,1,1,6,0,1
3,10.3403524834058,17,1,1,45,1,1
3,10.3403524834058,18,1,1,1,1,0
3,10.3403524834058,16,1,1,10,0,1
3,10.3403524834058,17,1,1,20,0,1
3,10.3403524834058,16,NA,1,3,0,1
3,10.3403524834058,15,2,1,6,0,1
3,10.3403524834058,18,2,1,2,0,0
3,10.3403524834058,18,1,1,5,0,1
3,10.3403524834058,17,2,2,10,0,1
3,10.3403524834058,17,2,1,2,0,0
3,10.3403524834058,17,1,1,1,0,1
3,10.3403524834058,14,1,1,2,0,0
3,10.3403524834058,13,2,1,25,0,1
3,10.3403524834058,16,1,1,3,0,1
3,10.3403524834058,17,1,1,1,0,0
3,10.3403524834058,15,1,2,99,0,1
3,10.3403524834058,15,1,2,1,0,1
4,4.20684292379473,17,2,1,5,1,1
4,4.20684292379473,16,2,1,10,0,1
4,4.20684292379473,15,2,1,2,0,0
4,4.20684292379473,16,5,1,3,0,1
4,4.20684292379473,16,2,1,4,0,1
4,4.20684292379473,16,2,1,3,0,1
4,4.20684292379473,16,2,1,7,0,1
4,4.20684292379473,16,2,1,40,0,1
4,4.20684292379473,16,2,1,12,0,1
4,4.20684292379473,17,1,1,10,0,1
4,4.20684292379473,16,5,1,2,1,1
4,4.20684292379473,13,2,1,4,1,1
4,4.20684292379473,14,1,1,4,1,1
4,4.20684292379473,15,2,1,4,0,1
4,4.20684292379473,18,2,1,8,0,1
4,4.20684292379473,16,2,1,1,1,0
4,4.20684292379473,16,2,1,10,1,1
4,4.20684292379473,17,1,1,25,0,1
4,4.20684292379473,17,1,1,5,0,1
4,4.20684292379473,18,1,1,10,0,1
4,4.20684292379473,16,1,1,5,1,1
4,4.20684292379473,15,5,1,2,0,1
4,4.20684292379473,16,1,1,30,1,1
4,4.20684292379473,17,2,1,8,0,1
4,4.20684292379473,17,2,1,15,0,1
4,4.20684292379473,16,2,1,2,0,1
4,4.20684292379473,14,2,1,2,1,1
4,4.20684292379473,16,2,1,30,0,1
4,4.20684292379473,17,5,1,20,0,1
4,4.20684292379473,15,1,1,10,0,1
4,4.20684292379473,16,2,1,2,0,0
4,4.20684292379473,14,2,1,11,1,1
4,4.20684292379473,15,1,1,15,1,1
4,4.20684292379473,15,2,1,5,1,1
4,4.20684292379473,16,2,1,5,0,1
4,4.20684292379473,16,1,1,15,1,0
4,4.20684292379473,17,1,1,2,0,1
4,4.20684292379473,16,2,1,3,0,0
4,4.20684292379473,19,2,1,1,0,1
4,4.20684292379473,15,2,1,3,0,1
4,4.20684292379473,16,2,1,3,0,1
4,4.20684292379473,17,2,1,10,1,0
4,4.20684292379473,17,2,1,3,1,1
4,4.20684292379473,15,1,1,10,0,0
4,4.20684292379473,14,2,1,10,0,1
4,4.20684292379473,17,1,1,22,0,1
4,4.20684292379473,16,2,2,1,0,1
4,4.20684292379473,15,5,2,7,0,1
4,4.20684292379473,17,2,2,5,0,1
4,4.20684292379473,16,2,2,5,0,1
4,4.20684292379473,17,2,1,2,0,1
4,4.20684292379473,16,2,1,3,1,1
4,4.20684292379473,15,2,1,20,0,1
4,4.20684292379473,15,1,1,3,0,1
4,4.20684292379473,14,2,1,2,0,1
4,4.20684292379473,15,1,1,5,0,1
4,4.20684292379473,14,2,1,2,0,1
4,4.20684292379473,15,1,1,20,0,1
4,4.20684292379473,18,1,1,8,1,1
4,4.20684292379473,16,2,1,20,1,1
4,4.20684292379473,16,1,1,11,0,1
4,4.20684292379473,16,2,1,10,0,1
4,4.20684292379473,17,1,1,2,0,1
4,4.20684292379473,18,1,1,30,0,1
4,4.20684292379473,17,1,1,2,0,1
4,4.20684292379473,15,2,1,1,0,0
4,4.20684292379473,17,1,1,4,0,1
4,4.20684292379473,17,1,1,20,1,1
4,4.20684292379473,16,1,1,20,1,1
4,4.20684292379473,18,1,1,6,1,1
4,4.20684292379473,16,1,1,7,1,1
4,4.20684292379473,16,1,1,7,1,1
4,4.20684292379473,16,1,1,11,1,1
4,4.20684292379473,17,1,1,1,1,0
4,4.20684292379473,18,1,1,25,0,1
4,4.20684292379473,16,1,1,1,0,1
4,4.20684292379473,18,1,1,4,1,1
4,4.20684292379473,17,2,1,4,1,1
4,4.20684292379473,17,1,1,1,0,1
4,4.20684292379473,18,1,1,3,0,1
4,4.20684292379473,17,2,1,5,1,0
4,4.20684292379473,17,2,1,3,1,1
4,4.20684292379473,17,2,1,3,0,1
4,4.20684292379473,17,2,1,3,0,0
4,4.20684292379473,17,2,1,3,1,0
4,4.20684292379473,18,2,1,2,0,1
4,4.20684292379473,17,2,1,5,1,1
4,4.20684292379473,18,2,1,2,0,1
4,4.20684292379473,17,2,1,2,0,1
4,4.20684292379473,18,1,1,1,0,1
4,4.20684292379473,16,2,1,2,1,1
4,4.20684292379473,18,2,1,4,0,1
4,4.20684292379473,16,2,1,5,0,1
4,4.20684292379473,17,2,1,2,0,1
4,4.20684292379473,18,2,1,2,0,1
4,4.20684292379473,17,1,1,15,1,1
4,4.20684292379473,16,2,1,96,0,0
4,4.20684292379473,18,2,1,2,1,1
4,4.20684292379473,18,2,1,5,1,1
4,4.20684292379473,18,2,1,99,1,1
4,4.20684292379473,18,2,1,15,1,1
4,4.20684292379473,17,1,1,21,1,1
4,4.20684292379473,17,2,1,10,0,1
4,4.20684292379473,16,2,1,1,1,1
4,4.20684292379473,17,1,1,15,0,1
4,4.20684292379473,17,1,1,8,0,1
4,4.20684292379473,16,2,1,75,0,1
4,4.20684292379473,15,1,1,20,1,1
4,4.20684292379473,17,1,1,3,1,1
4,4.20684292379473,16,1,1,30,1,1
4,4.20684292379473,18,1,1,6,0,1
4,4.20684292379473,16,1,1,7,0,1
4,4.20684292379473,18,1,1,2,0,1
4,4.20684292379473,16,1,1,7,1,1
4,4.20684292379473,16,1,1,20,0,1
4,4.20684292379473,16,1,1,3,0,1
4,4.20684292379473,18,2,1,4,0,NA
4,4.20684292379473,17,1,1,3,0,1
4,4.20684292379473,17,1,1,4,1,1
4,4.20684292379473,18,1,1,13,1,1
4,4.20684292379473,17,1,1,5,1,1
4,4.20684292379473,15,2,1,32,0,1
4,4.20684292379473,17,2,1,20,1,1
4,4.20684292379473,18,1,1,24,1,1
4,4.20684292379473,17,2,1,2,0,1
4,4.20684292379473,17,1,1,12,1,1
4,4.20684292379473,18,2,1,2,0,0
4,4.20684292379473,17,2,1,3,0,1
4,4.20684292379473,17,2,1,3,1,1
4,4.20684292379473,16,1,1,4,0,1
4,4.20684292379473,17,2,1,10,1,1
4,4.20684292379473,17,2,1,5,0,1
4,4.20684292379473,17,1,1,20,1,1
4,4.20684292379473,15,1,1,7,1,1
4,4.20684292379473,17,2,1,99,0,1
4,4.20684292379473,17,2,1,2,0,1
4,4.20684292379473,17,1,1,10,0,1
4,4.20684292379473,18,1,1,2,0,1
4,4.20684292379473,17,1,1,2,1,1
4,4.20684292379473,17,1,1,5,0,1
4,4.20684292379473,17,1,1,2,1,1
4,4.20684292379473,16,1,1,5,0,1
4,4.20684292379473,17,1,1,1,0,1
4,4.20684292379473,18,1,1,4,1,1
4,4.20684292379473,18,2,1,2,0,1
4,4.20684292379473,17,1,1,5,0,1
4,4.20684292379473,18,1,1,3,0,1
4,4.20684292379473,18,2,1,1,1,1
4,4.20684292379473,17,1,1,6,0,1
4,4.20684292379473,17,1,1,10,0,1
4,4.20684292379473,18,2,1,4,0,1
4,4.20684292379473,17,1,1,2,0,1
4,4.20684292379473,16,2,1,15,1,1
4,4.20684292379473,16,2,1,96,1,1
4,4.20684292379473,18,2,1,1,0,0
4,4.20684292379473,16,1,1,5,0,1
4,4.20684292379473,18,2,1,96,1,1
4,4.20684292379473,16,2,1,18,1,1
4,4.20684292379473,16,2,1,10,0,0
4,4.20684292379473,17,2,1,1,1,1
4,4.20684292379473,15,2,1,20,1,1
4,4.20684292379473,16,2,1,19,0,1
4,4.20684292379473,17,2,1,3,0,0
4,4.20684292379473,20,2,1,4,0,1
4,4.20684292379473,17,2,1,18,0,0
4,4.20684292379473,15,2,1,4,1,1
4,4.20684292379473,16,2,1,20,1,1
4,4.20684292379473,17,1,1,3,1,0
4,4.20684292379473,17,2,1,50,0,0
4,4.20684292379473,20,1,1,2,0,1
4,4.20684292379473,19,2,1,1,0,1
4,4.20684292379473,16,2,1,NA,1,1
4,4.20684292379473,19,2,1,2,1,1
4,4.20684292379473,19,2,1,96,1,1
4,4.20684292379473,19,2,1,2,0,1
4,4.20684292379473,18,2,1,10,0,0
4,4.20684292379473,18,2,1,20,1,0
4,4.20684292379473,15,2,1,4,0,1
4,4.20684292379473,17,2,1,5,0,1
4,4.20684292379473,19,2,1,96,0,1
4,4.20684292379473,19,2,1,3,1,1
4,4.20684292379473,19,2,1,30,0,0
4,4.20684292379473,19,2,1,8,0,1
4,4.20684292379473,18,2,1,1,0,1
4,4.20684292379473,18,1,1,1,0,0
4,4.20684292379473,19,2,1,1,0,0
4,4.20684292379473,15,2,1,7,1,1
4,4.20684292379473,20,2,1,1,0,1
4,4.20684292379473,19,2,1,3,0,1
4,4.20684292379473,17,2,1,2,1,0
4,4.20684292379473,15,1,1,1,0,1
4,4.20684292379473,19,1,1,99,0,1
4,4.20684292379473,19,2,1,1,0,0
4,4.20684292379473,16,1,1,99,0,1
4,4.20684292379473,18,1,1,2,0,1
4,4.20684292379473,15,1,1,40,1,0
4,4.20684292379473,20,2,1,26,1,1
4,4.20684292379473,18,2,1,NA,1,1
4,4.20684292379473,18,2,1,5,1,0
4,4.20684292379473,18,2,1,10,0,0
4,4.20684292379473,18,2,1,10,1,1
4,4.20684292379473,19,2,1,5,1,1
4,4.20684292379473,20,2,1,12,0,1
4,4.20684292379473,19,4,1,6,1,1
4,4.20684292379473,15,2,1,10,1,1
4,4.20684292379473,16,2,1,1,0,0
4,4.20684292379473,15,2,1,14,0,0
4,4.20684292379473,19,2,1,1,0,1
4,4.20684292379473,17,2,1,15,1,1
4,4.20684292379473,15,1,2,96,1,1
4,4.20684292379473,16,1,2,6,0,1
4,4.20684292379473,16,2,2,2,0,0
4,4.20684292379473,15,1,2,20,0,1
4,4.20684292379473,15,2,2,2,0,1
4,4.20684292379473,16,2,2,8,1,1
4,4.20684292379473,14,1,2,4,0,1
4,4.20684292379473,16,2,1,10,0,1
4,4.20684292379473,17,1,1,5,0,1
4,4.20684292379473,17,1,1,10,1,1
4,4.20684292379473,17,2,1,8,0,1
4,4.20684292379473,16,1,1,50,0,1
4,4.20684292379473,17,4,1,2,0,1
4,4.20684292379473,17,1,1,25,0,1
4,4.20684292379473,17,1,1,2,0,1
4,4.20684292379473,17,1,1,1,1,1
4,4.20684292379473,15,1,1,10,0,1
4,4.20684292379473,13,1,1,20,0,1
4,4.20684292379473,13,2,1,10,1,0
4,4.20684292379473,15,5,1,12,1,1
4,4.20684292379473,15,1,1,40,1,1
4,4.20684292379473,15,1,1,25,0,1
4,4.20684292379473,16,2,1,3,0,1
4,4.20684292379473,15,1,1,35,1,1
4,4.20684292379473,16,1,1,15,1,1
4,4.20684292379473,16,1,1,15,0,1
4,4.20684292379473,15,1,1,15,0,1
4,4.20684292379473,16,1,1,13,0,1
4,4.20684292379473,17,4,1,7,0,1
4,4.20684292379473,16,1,1,70,0,1
4,4.20684292379473,16,1,1,6,0,1
4,4.20684292379473,18,1,1,30,1,1
4,4.20684292379473,16,2,1,15,0,0
4,4.20684292379473,14,1,1,2,1,0
4,4.20684292379473,17,1,1,5,1,0
4,4.20684292379473,16,1,1,1,0,0
4,4.20684292379473,16,4,1,1,1,1
4,4.20684292379473,16,1,1,2,0,0
4,4.20684292379473,17,1,1,1,0,0
4,4.20684292379473,15,1,1,NA,1,1
4,4.20684292379473,16,2,1,5,1,1
4,4.20684292379473,16,1,1,6,0,1
4,4.20684292379473,16,1,1,20,0,1
4,4.20684292379473,16,1,1,32,0,1
4,4.20684292379473,15,1,1,1,0,1
4,4.20684292379473,15,1,1,20,1,1
4,4.20684292379473,12,1,1,25,0,1
4,4.20684292379473,15,2,1,35,1,1
4,4.20684292379473,16,1,1,4,0,1
4,4.20684292379473,14,1,1,57,0,1
4,4.20684292379473,14,4,1,25,1,1
4,4.20684292379473,15,1,1,20,1,1
4,4.20684292379473,16,1,1,96,0,1
4,4.20684292379473,16,1,1,10,0,1
4,4.20684292379473,17,2,1,1,0,1
4,4.20684292379473,17,1,1,96,0,1
4,4.20684292379473,17,1,1,8,1,1
4,4.20684292379473,17,1,1,20,1,1
4,4.20684292379473,16,2,1,4,0,1
4,4.20684292379473,16,1,1,4,1,1
4,4.20684292379473,16,4,1,1,0,0
4,4.20684292379473,17,1,1,7,0,1
4,4.20684292379473,16,5,1,21,0,1
4,4.20684292379473,16,1,1,40,1,1
4,4.20684292379473,17,1,1,3,0,0
4,4.20684292379473,17,1,1,5,0,1
4,4.20684292379473,17,1,1,18,0,1
4,4.20684292379473,14,2,2,6,0,1
4,4.20684292379473,16,2,2,15,0,1
4,4.20684292379473,16,1,2,2,0,1
4,4.20684292379473,15,1,2,1,1,1
4,4.20684292379473,14,2,2,1,0,0
4,4.20684292379473,15,1,1,7,0,1
4,4.20684292379473,14,1,1,99,0,1
4,4.20684292379473,16,1,1,25,0,0
4,4.20684292379473,16,1,1,12,1,1
4,4.20684292379473,15,2,1,1,1,1
4,4.20684292379473,14,1,1,3,0,1
4,4.20684292379473,16,1,1,3,1,1
4,4.20684292379473,16,1,1,1,0,1
4,4.20684292379473,17,1,1,8,0,1
4,4.20684292379473,15,1,1,10,0,1
4,4.20684292379473,17,1,1,2,0,1
4,4.20684292379473,16,1,1,8,0,1
4,4.20684292379473,16,1,1,4,0,1
4,4.20684292379473,16,1,1,20,1,1
4,4.20684292379473,15,1,1,7,1,1
4,4.20684292379473,15,1,1,8,0,1
4,4.20684292379473,15,1,1,99,0,1
4,4.20684292379473,17,5,1,8,1,0
4,4.20684292379473,16,1,1,2,0,1
4,4.20684292379473,16,1,1,4,0,1
4,4.20684292379473,16,1,1,4,0,1
4,4.20684292379473,15,1,1,30,1,1
4,4.20684292379473,17,1,1,3,0,1
4,4.20684292379473,16,2,1,25,1,1
4,4.20684292379473,14,2,1,30,1,1
4,4.20684292379473,14,1,1,3,0,1
4,4.20684292379473,16,1,1,2,0,1
4,4.20684292379473,17,1,1,13,0,1
4,4.20684292379473,17,1,1,6,1,1
4,4.20684292379473,15,4,1,8,0,1
4,4.20684292379473,16,1,1,4,0,0
4,4.20684292379473,16,1,1,1,0,0
4,4.20684292379473,16,1,1,15,1,1
4,4.20684292379473,16,1,1,4,0,1
4,4.20684292379473,17,1,1,1,0,1
4,4.20684292379473,17,1,1,5,0,0
4,4.20684292379473,17,1,1,1,0,1
4,4.20684292379473,16,1,1,3,0,1
4,4.20684292379473,17,2,1,15,0,1
4,4.20684292379473,17,1,1,8,0,1
4,4.20684292379473,16,2,1,2,0,1
4,4.20684292379473,15,1,1,7,0,1
4,4.20684292379473,16,1,1,2,0,1
4,4.20684292379473,17,1,1,6,1,1
4,4.20684292379473,16,1,1,4,0,1
4,4.20684292379473,15,1,1,1,0,0
4,4.20684292379473,16,1,1,3,0,1
4,4.20684292379473,17,1,1,8,0,1
4,4.20684292379473,15,1,1,10,0,1
4,4.20684292379473,16,1,1,5,0,1
4,4.20684292379473,17,2,1,6,0,1
4,4.20684292379473,16,1,1,4,1,1
4,4.20684292379473,14,2,1,7,1,0
4,4.20684292379473,15,1,1,10,1,1
4,4.20684292379473,15,2,1,30,0,1
4,4.20684292379473,17,4,1,10,0,1
4,4.20684292379473,17,1,1,5,0,1
4,4.20684292379473,16,1,1,55,1,1
4,4.20684292379473,17,1,1,8,0,1
4,4.20684292379473,16,1,1,99,1,1
4,4.20684292379473,17,2,1,6,1,1
4,4.20684292379473,17,1,1,3,0,1
4,4.20684292379473,17,1,1,3,0,0
4,4.20684292379473,14,1,1,4,0,1
4,4.20684292379473,17,1,1,10,0,1
4,4.20684292379473,16,1,1,1,0,0
4,4.20684292379473,17,1,1,3,1,1
4,4.20684292379473,17,2,1,3,0,0
4,4.20684292379473,14,2,1,3,0,1
4,5.88958009331262,17,2,1,1,0,1
4,7.57231726283051,17,1,1,30,0,1
4,5.88958009331262,17,2,1,3,0,1
4,5.88958009331262,18,2,1,20,1,1
4,7.57231726283051,17,1,1,1,0,1
4,5.88958009331262,17,2,1,2,0,1
4,5.88958009331262,16,2,1,99,0,0
4,5.88958009331262,17,2,1,2,0,0
4,7.57231726283051,16,1,1,1,0,1
4,5.88958009331262,17,2,1,5,0,1
4,5.88958009331262,17,2,1,1,0,0
4,7.57231726283051,16,1,1,12,0,1
4,7.57231726283051,16,1,1,6,0,1
4,7.57231726283051,17,1,1,5,1,1
4,5.88958009331262,18,2,1,1,0,0
4,7.57231726283051,18,1,1,20,1,1
4,7.57231726283051,18,1,1,10,1,1
4,5.88958009331262,16,2,1,15,0,0
4,5.88958009331262,16,2,1,2,0,0
4,7.57231726283051,18,1,1,6,1,1
4,7.57231726283051,19,1,1,10,0,1
4,5.88958009331262,17,2,1,5,0,0
4,7.57231726283051,17,1,1,1,0,0
4,5.88958009331262,18,2,1,2,1,1
4,7.57231726283051,18,1,1,5,0,1
4,7.57231726283051,16,1,1,1,0,1
4,7.57231726283051,16,1,1,5,0,1
4,7.57231726283051,17,1,1,1,0,1
4,7.57231726283051,17,1,1,2,0,1
4,5.88958009331262,17,2,1,8,1,1
4,5.88958009331262,17,2,1,3,0,1
4,5.88958009331262,17,2,1,2,0,0
4,5.88958009331262,17,2,1,1,1,1
4,7.57231726283051,17,1,1,1,0,0
4,5.88958009331262,17,2,1,4,0,0
4,5.88958009331262,18,2,1,2,0,1
4,7.57231726283051,16,1,1,2,0,0
4,5.88958009331262,16,2,1,4,0,1
4,5.88958009331262,16,2,1,2,0,0
4,5.88958009331262,18,2,1,23,0,1
4,5.88958009331262,17,2,1,6,1,0
4,5.88958009331262,17,2,1,2,1,0
4,7.57231726283051,18,1,1,2,0,1
4,7.57231726283051,18,1,1,10,0,1
4,5.88958009331262,18,2,1,2,0,1
4,5.88958009331262,17,2,1,2,0,1
4,7.57231726283051,17,1,1,7,1,1
4,5.88958009331262,16,2,1,8,1,1
4,5.88958009331262,17,2,1,5,0,1
4,5.88958009331262,15,2,1,11,0,1
4,7.57231726283051,17,1,1,1,0,1
4,5.88958009331262,16,2,1,19,1,1
4,7.57231726283051,17,1,1,4,0,1
4,5.88958009331262,16,2,1,6,0,1
4,5.88958009331262,17,2,1,3,0,0
4,7.57231726283051,18,1,1,7,1,1
4,5.88958009331262,17,2,1,3,0,1
4,5.88958009331262,17,2,1,3,0,0
4,7.57231726283051,16,1,1,6,0,1
4,5.88958009331262,16,2,1,2,1,0
4,5.88958009331262,17,2,1,3,0,1
4,5.88958009331262,18,2,1,2,0,0
4,5.88958009331262,16,2,1,3,1,1
4,7.57231726283051,16,1,1,20,1,1
4,5.88958009331262,15,2,1,5,1,1
4,7.57231726283051,15,1,1,18,1,1
4,5.88958009331262,16,2,1,3,0,1
4,7.57231726283051,17,5,1,4,1,1
4,5.88958009331262,17,2,1,3,0,0
4,7.57231726283051,16,1,1,4,0,1
4,5.88958009331262,16,2,1,NA,1,1
4,7.57231726283051,17,1,1,4,0,1
4,7.57231726283051,15,1,1,3,0,1
4,7.57231726283051,16,1,1,4,0,1
4,5.88958009331262,16,2,1,1,0,1
4,5.88958009331262,18,2,1,4,0,1
4,5.88958009331262,16,2,1,4,0,1
4,7.57231726283051,17,1,1,3,0,1
4,7.57231726283051,17,1,1,1,0,0
4,5.88958009331262,17,2,1,12,1,1
4,7.57231726283051,16,1,1,4,0,1
4,7.57231726283051,17,1,1,5,0,1
4,7.57231726283051,18,3,1,1,0,1
4,7.57231726283051,16,1,1,3,0,1
4,5.88958009331262,17,2,1,3,1,1
4,7.57231726283051,16,1,1,2,0,1
4,5.88958009331262,16,2,1,5,0,1
4,5.88958009331262,17,2,1,8,1,1
4,5.88958009331262,16,2,1,1,0,1
4,5.88958009331262,17,2,1,3,1,0
4,5.88958009331262,16,2,1,17,0,1
4,5.88958009331262,16,2,1,4,1,1
4,5.88958009331262,16,2,1,8,0,0
4,5.88958009331262,16,2,1,3,0,0
4,5.88958009331262,17,2,1,1,0,0
4,5.88958009331262,17,2,1,2,0,0
4,5.88958009331262,16,2,1,5,1,1
4,5.88958009331262,16,2,1,2,0,1
4,5.88958009331262,17,2,1,2,1,1
4,5.88958009331262,15,2,1,3,0,1
4,5.88958009331262,17,2,1,6,0,1
4,7.57231726283051,17,1,1,3,0,1
4,7.57231726283051,17,1,1,4,0,1
4,5.88958009331262,16,2,1,1,0,1
4,5.88958009331262,16,2,1,3,0,1
4,5.88958009331262,17,2,1,3,1,0
4,5.88958009331262,16,2,1,5,0,1
4,5.88958009331262,17,2,1,3,0,1
4,5.88958009331262,17,2,1,4,1,1
4,5.88958009331262,17,2,1,2,0,1
4,7.57231726283051,17,1,1,4,0,1
4,5.88958009331262,17,2,1,14,0,0
4,5.88958009331262,16,2,1,1,0,1
4,5.88958009331262,17,2,1,5,0,0
4,5.88958009331262,17,2,1,2,0,1
4,7.57231726283051,16,1,1,4,0,1
4,5.88958009331262,17,2,1,1,0,1
4,5.88958009331262,16,2,1,3,0,0
4,5.88958009331262,17,2,1,1,0,1
4,7.57231726283051,17,1,1,8,0,1
4,5.88958009331262,17,2,1,3,1,1
4,7.57231726283051,17,1,1,12,1,1
4,7.57231726283051,16,1,1,24,1,1
4,5.88958009331262,17,2,1,25,0,1
4,5.88958009331262,16,2,1,3,0,1
4,5.88958009331262,16,2,1,6,0,0
4,7.57231726283051,16,1,1,2,0,1
4,5.88958009331262,17,2,1,3,0,1
4,5.88958009331262,16,2,1,2,0,0
4,5.88958009331262,16,2,1,2,0,1
4,7.57231726283051,17,1,1,5,1,1
4,7.57231726283051,17,1,1,10,1,1
4,5.88958009331262,16,2,1,8,0,1
4,7.57231726283051,17,1,1,7,0,1
4,5.88958009331262,16,2,1,2,0,1
4,7.57231726283051,16,1,1,1,0,1
4,5.88958009331262,17,2,1,2,1,0
4,7.57231726283051,17,1,1,5,0,1
4,7.57231726283051,17,1,1,2,0,1
4,5.88958009331262,14,2,1,2,0,0
4,5.88958009331262,16,2,1,2,1,0
4,5.88958009331262,17,2,1,6,0,1
4,5.88958009331262,16,2,1,6,1,1
4,5.88958009331262,17,2,1,1,0,1
4,5.88958009331262,16,2,1,4,0,1
4,7.57231726283051,17,1,1,2,0,1
4,5.88958009331262,16,2,1,10,0,1
4,5.88958009331262,18,2,1,2,1,1
4,5.88958009331262,17,2,1,4,0,1
4,5.88958009331262,16,2,1,5,1,1
4,5.88958009331262,17,2,1,3,0,0
4,5.88958009331262,16,2,1,20,1,1
4,5.88958009331262,17,2,1,2,0,1
4,5.88958009331262,16,2,1,2,0,0
4,7.57231726283051,16,1,1,3,0,1
4,5.88958009331262,16,2,1,4,0,1
4,5.88958009331262,15,2,1,1,0,1
4,5.88958009331262,16,2,1,10,0,1
4,7.57231726283051,16,1,1,3,1,1
4,5.88958009331262,15,2,1,3,1,1
4,5.88958009331262,17,2,1,8,0,1
4,7.57231726283051,16,1,1,1,0,1
4,7.57231726283051,17,1,1,5,1,1
4,5.88958009331262,17,2,1,3,0,1
4,5.88958009331262,17,2,1,1,1,1
4,5.88958009331262,17,2,1,4,1,1
4,5.88958009331262,17,2,1,15,0,1
4,5.88958009331262,17,2,1,2,0,0
4,5.88958009331262,16,2,1,5,0,1
4,5.88958009331262,16,2,1,12,0,0
4,5.88958009331262,17,2,1,10,1,1
4,5.88958009331262,17,2,1,3,1,1
4,5.88958009331262,15,2,1,5,1,1
4,5.88958009331262,17,2,1,2,1,1
4,5.88958009331262,18,2,1,3,1,1
4,5.88958009331262,16,2,1,2,0,1
4,7.57231726283051,17,1,1,2,0,1
4,5.88958009331262,16,2,1,3,1,1
4,5.88958009331262,16,2,1,5,0,1
4,5.88958009331262,17,2,1,4,1,1
4,7.57231726283051,17,1,1,4,0,1
4,7.57231726283051,15,1,1,10,1,1
4,5.88958009331262,17,2,1,4,0,1
4,5.88958009331262,17,2,1,6,0,1
4,5.88958009331262,15,2,1,4,0,0
4,5.88958009331262,15,2,1,13,0,1
4,7.57231726283051,16,1,1,4,0,1
4,7.57231726283051,17,1,1,2,0,1
4,5.88958009331262,17,2,1,4,0,0
4,7.57231726283051,15,1,1,10,1,1
4,5.88958009331262,16,2,1,10,0,1
5,4.4354430379747,17,1,1,1,0,1
5,4.4354430379747,18,1,1,23,1,1
5,4.4354430379747,17,2,1,4,1,1
5,4.4354430379747,16,1,1,10,0,1
5,4.4354430379747,16,1,1,4,0,1
5,4.4354430379747,17,1,1,2,0,1
5,4.4354430379747,16,2,1,3,0,1
5,4.4354430379747,17,2,1,3,0,1
5,4.4354430379747,17,1,1,10,0,1
5,4.4354430379747,17,1,1,16,0,1
5,4.4354430379747,18,1,1,25,1,1
5,4.4354430379747,17,5,1,4,0,1
5,4.4354430379747,18,1,1,23,1,1
5,4.4354430379747,16,1,1,3,0,1
5,4.4354430379747,17,1,1,2,0,1
5,4.4354430379747,16,2,1,2,0,0
5,4.4354430379747,18,1,1,1,1,1
5,4.4354430379747,18,2,1,25,1,1
5,4.4354430379747,17,1,1,1,0,1
5,4.4354430379747,16,2,1,2,1,0
5,4.4354430379747,17,2,1,2,0,1
5,4.4354430379747,17,1,1,2,0,1
5,4.4354430379747,16,1,1,4,1,1
5,4.4354430379747,16,2,1,14,1,1
5,4.4354430379747,17,2,1,3,1,1
5,4.4354430379747,16,5,1,3,1,1
5,4.4354430379747,17,2,1,6,0,1
5,4.4354430379747,17,1,1,1,0,1
5,4.4354430379747,17,2,1,3,0,1
5,4.4354430379747,17,2,1,3,1,0
5,4.4354430379747,16,2,1,2,0,1
5,4.4354430379747,16,1,1,3,0,1
5,4.4354430379747,17,2,1,6,0,1
5,4.4354430379747,16,2,1,1,0,0
5,4.4354430379747,17,2,1,2,0,1
5,4.4354430379747,16,2,1,5,1,1
5,4.4354430379747,16,1,1,6,0,1
5,4.4354430379747,17,2,1,10,1,1
5,4.4354430379747,18,1,1,4,1,1
5,4.4354430379747,17,2,1,2,0,1
5,4.4354430379747,17,2,1,5,0,1
5,4.4354430379747,16,1,1,2,0,1
5,4.4354430379747,16,1,1,2,1,1
5,4.4354430379747,17,1,1,3,0,1
5,4.4354430379747,17,1,1,5,1,1
5,4.4354430379747,17,2,1,3,0,1
5,4.4354430379747,17,1,1,24,0,1
5,4.4354430379747,17,2,1,1,0,1
5,4.4354430379747,17,1,1,2,0,1
5,4.4354430379747,18,1,1,6,1,1
5,4.4354430379747,16,2,1,2,0,1
5,4.4354430379747,16,2,1,4,0,1
5,4.4354430379747,17,2,1,3,0,1
5,4.4354430379747,16,1,1,1,1,1
5,4.4354430379747,17,1,1,2,0,1
5,4.4354430379747,17,2,1,7,0,0
5,4.4354430379747,17,2,1,7,0,1
5,4.4354430379747,17,2,1,2,1,1
5,4.4354430379747,17,1,1,8,0,1
5,4.4354430379747,16,2,1,4,0,0
5,4.4354430379747,15,2,1,10,1,1
5,4.4354430379747,17,1,1,13,1,1
5,4.4354430379747,18,1,1,2,0,1
5,4.4354430379747,18,2,1,4,0,1
5,4.4354430379747,17,1,1,1,0,1
5,4.4354430379747,16,1,1,10,0,1
5,4.4354430379747,16,1,1,5,0,1
5,4.4354430379747,17,2,1,7,0,1
5,4.4354430379747,17,1,1,1,0,1
5,4.4354430379747,17,2,1,4,0,1
5,4.4354430379747,17,1,1,4,0,1
5,4.4354430379747,18,2,1,6,0,1
5,4.4354430379747,15,1,1,NA,1,1
5,4.4354430379747,17,1,1,2,0,1
5,4.4354430379747,17,1,1,2,0,1
5,4.4354430379747,17,2,1,7,0,1
5,4.4354430379747,16,2,1,15,1,1
5,4.4354430379747,17,2,1,2,0,0
5,4.4354430379747,15,5,1,4,0,1
5,4.4354430379747,17,1,1,19,0,1
5,4.4354430379747,16,2,1,7,0,1
5,4.4354430379747,15,1,1,99,0,0
5,4.4354430379747,15,2,1,12,1,1
5,4.4354430379747,18,1,1,15,1,1
5,4.4354430379747,15,1,1,1,0,0
5,4.4354430379747,15,2,1,8,0,1
5,4.4354430379747,16,1,1,18,0,1
5,4.4354430379747,17,1,1,49,1,1
5,4.4354430379747,16,2,1,4,0,1
5,4.4354430379747,14,1,1,3,0,0
5,4.4354430379747,16,2,1,NA,1,1
5,4.4354430379747,15,1,1,2,0,1
5,4.4354430379747,16,2,1,20,1,1
5,4.4354430379747,16,1,1,2,0,1
5,4.4354430379747,16,1,1,14,1,1
5,4.4354430379747,15,2,1,8,0,1
5,4.4354430379747,16,2,1,4,1,1
5,4.4354430379747,16,1,1,5,0,1
5,4.4354430379747,16,1,1,30,1,1
5,4.4354430379747,16,2,1,99,0,1
5,4.4354430379747,17,1,1,37,1,0
5,4.4354430379747,14,1,1,99,1,0
5,4.4354430379747,14,1,1,5,0,1
5,4.4354430379747,17,1,1,4,0,1
5,4.4354430379747,15,2,1,12,1,1
5,4.4354430379747,16,1,1,99,1,1
5,4.4354430379747,14,1,1,10,1,1
5,4.4354430379747,16,2,1,2,0,1
5,4.4354430379747,16,2,1,2,0,1
5,4.4354430379747,15,1,1,NA,0,1
5,4.4354430379747,15,2,1,3,1,0
5,4.4354430379747,15,1,1,5,1,1
5,4.4354430379747,15,2,1,15,0,1
5,4.4354430379747,16,2,1,1,0,1
5,4.4354430379747,16,1,1,35,0,1
5,4.4354430379747,17,2,1,99,0,1
5,4.4354430379747,16,2,1,2,0,1
5,4.4354430379747,13,1,1,99,0,0
5,4.4354430379747,16,1,1,4,0,1
5,4.4354430379747,13,1,1,3,0,1
5,4.4354430379747,16,1,1,1,0,1
5,4.4354430379747,14,1,1,99,0,1
5,4.4354430379747,16,1,1,4,0,1
5,4.4354430379747,16,1,1,10,0,1
5,4.4354430379747,16,2,1,4,1,0
5,4.4354430379747,17,1,1,2,1,1
5,4.4354430379747,15,1,1,5,0,1
5,4.4354430379747,16,1,1,99,0,1
5,4.4354430379747,17,1,1,13,1,1
5,4.4354430379747,16,1,1,5,0,0
5,4.4354430379747,16,1,1,96,1,0
5,4.4354430379747,15,1,1,2,0,1
5,4.4354430379747,16,1,1,30,0,1
5,4.4354430379747,16,2,1,1,0,0
5,4.4354430379747,16,1,1,2,0,1
5,4.4354430379747,15,2,1,10,1,1
5,4.4354430379747,15,1,1,10,1,1
5,4.4354430379747,15,2,1,10,1,1
5,4.4354430379747,15,1,1,10,0,1
5,4.4354430379747,16,1,1,15,0,1
5,4.4354430379747,16,1,1,10,0,1
5,4.4354430379747,15,2,1,99,0,0
5,4.4354430379747,15,2,1,3,0,1
5,4.4354430379747,16,4,1,2,1,1
5,4.4354430379747,14,1,1,18,0,1
5,4.4354430379747,16,1,1,40,1,1
5,4.4354430379747,16,2,1,1,0,1
5,4.4354430379747,16,2,1,8,0,0
5,4.4354430379747,17,1,1,10,1,1
5,4.4354430379747,17,1,1,10,0,1
5,4.4354430379747,16,1,1,1,0,1
5,4.4354430379747,16,2,1,2,1,1
5,4.4354430379747,13,1,1,40,0,1
5,4.4354430379747,15,1,1,4,1,0
5,4.4354430379747,16,1,1,NA,1,1
5,4.4354430379747,16,1,1,28,0,1
5,4.4354430379747,15,1,1,5,0,1
5,4.4354430379747,14,2,1,2,0,1
5,4.4354430379747,19,2,1,31,1,1
5,4.4354430379747,15,2,1,26,0,0
5,4.4354430379747,18,1,1,2,1,1
5,4.4354430379747,16,2,1,23,0,0
5,4.4354430379747,16,1,1,6,0,1
5,4.4354430379747,17,2,1,19,1,1
5,4.4354430379747,17,1,1,20,0,1
5,4.4354430379747,14,1,1,2,0,1
5,4.4354430379747,16,2,1,2,0,0
5,4.4354430379747,15,1,1,4,0,1
5,4.4354430379747,16,2,1,1,0,0
5,4.4354430379747,15,2,1,7,0,0
5,4.4354430379747,17,2,1,3,0,0
5,4.4354430379747,16,1,1,2,0,1
5,4.4354430379747,15,2,1,10,0,1
5,4.4354430379747,18,1,1,4,0,1
5,4.4354430379747,14,1,1,2,0,0
5,4.4354430379747,14,1,1,30,1,1
5,4.4354430379747,16,1,1,2,1,1
5,4.4354430379747,16,2,1,1,0,0
5,4.4354430379747,16,1,1,6,0,1
5,4.4354430379747,17,1,1,18,0,1
5,4.4354430379747,19,1,1,5,0,1
5,4.4354430379747,15,2,1,4,1,1
5,4.4354430379747,17,2,1,25,1,1
5,4.4354430379747,14,1,1,2,1,1
5,4.4354430379747,18,2,1,4,0,0
5,4.4354430379747,16,2,1,6,0,1
5,4.4354430379747,15,1,1,20,0,1
5,4.4354430379747,17,1,1,5,0,1
5,4.4354430379747,15,2,1,1,0,1
5,4.4354430379747,18,2,1,6,0,1
5,4.4354430379747,16,2,1,2,1,0
5,4.4354430379747,18,1,1,20,0,1
5,4.4354430379747,16,NA,1,20,1,1
5,4.4354430379747,17,2,1,2,0,0
5,4.4354430379747,17,2,1,10,1,0
5,4.4354430379747,19,2,1,10,0,1
5,4.4354430379747,16,2,1,7,0,1
5,4.4354430379747,18,1,1,12,1,1
5,4.4354430379747,16,2,1,20,1,0
5,4.4354430379747,17,2,1,5,0,0
5,4.4354430379747,17,2,1,7,1,1
5,4.4354430379747,16,1,1,15,0,1
5,4.4354430379747,16,2,1,2,0,1
5,4.4354430379747,16,2,1,2,0,0
5,4.4354430379747,18,2,1,3,0,1
5,4.4354430379747,17,2,1,2,1,1
5,4.4354430379747,18,2,1,5,0,1
5,4.4354430379747,17,2,1,7,1,1
5,4.4354430379747,17,2,1,3,1,1
5,4.4354430379747,17,2,1,7,0,1
5,4.4354430379747,16,2,1,5,0,1
5,4.4354430379747,17,2,1,4,1,0
5,4.4354430379747,16,1,1,4,1,1
5,4.4354430379747,16,2,1,1,0,1
5,4.4354430379747,18,2,1,20,0,1
5,4.4354430379747,19,5,1,99,0,1
5,4.4354430379747,17,1,1,10,0,1
5,4.4354430379747,18,2,1,15,1,1
5,4.4354430379747,18,2,1,3,0,0
5,4.4354430379747,18,2,1,3,1,1
5,4.4354430379747,16,2,1,99,1,1
5,4.4354430379747,17,2,1,5,0,0
5,4.4354430379747,17,2,1,18,1,1
5,4.4354430379747,17,2,1,4,1,1
5,4.4354430379747,16,1,1,4,0,1
5,4.4354430379747,17,2,1,3,0,1
5,4.4354430379747,14,1,1,6,0,0
5,4.4354430379747,17,1,1,13,1,1
5,4.4354430379747,16,2,1,3,1,1
5,4.4354430379747,16,2,1,99,0,0
5,4.4354430379747,16,2,1,2,0,0
5,4.4354430379747,17,2,1,5,0,1
5,4.4354430379747,17,2,1,15,0,1
5,4.4354430379747,17,2,1,7,0,0
5,4.4354430379747,15,2,1,15,1,1
5,4.4354430379747,18,1,1,5,0,1
5,4.4354430379747,17,2,1,40,0,1
5,4.4354430379747,15,2,1,50,1,0
5,4.4354430379747,16,2,1,1,0,1
5,4.4354430379747,15,2,1,20,1,1
5,4.4354430379747,17,1,1,8,0,1
5,4.4354430379747,16,2,1,NA,0,1
5,4.4354430379747,19,1,1,6,1,1
5,4.4354430379747,17,2,1,10,1,1
5,4.4354430379747,18,2,1,13,1,1
5,4.4354430379747,18,5,1,36,1,1
5,4.4354430379747,18,2,1,16,1,1
5,4.4354430379747,16,2,1,2,0,1
5,4.4354430379747,18,2,1,30,1,1
5,4.4354430379747,15,1,1,30,1,1
5,4.4354430379747,16,2,1,6,1,1
5,4.4354430379747,18,2,1,12,0,1
5,4.4354430379747,16,1,1,2,0,1
5,4.4354430379747,15,1,1,16,1,1
5,4.4354430379747,18,2,1,18,1,1
5,4.4354430379747,16,2,1,7,0,0
5,4.4354430379747,17,2,1,3,0,1
5,4.4354430379747,17,2,1,3,0,1
5,4.4354430379747,16,2,1,2,1,1
5,4.4354430379747,16,1,1,16,1,1
5,4.4354430379747,17,2,1,4,1,1
5,4.4354430379747,14,2,1,23,0,1
5,4.4354430379747,16,2,1,2,1,1
5,4.4354430379747,17,2,1,75,1,1
5,5.32253164556964,20,1,1,10,1,1
5,5.32253164556964,17,1,1,20,1,1
5,5.32253164556964,19,1,1,8,1,1
5,4.4354430379747,16,2,1,3,1,1
5,5.32253164556964,18,1,1,13,0,1
5,5.32253164556964,17,1,1,5,1,1
5,4.4354430379747,15,2,1,13,0,1
5,5.32253164556964,17,1,1,NA,0,1
5,5.32253164556964,17,1,1,23,0,1
5,5.32253164556964,17,1,1,4,0,1
5,5.32253164556964,17,1,1,15,0,1
5,5.32253164556964,15,1,1,5,1,1
5,5.32253164556964,16,4,1,20,1,1
5,5.32253164556964,16,1,1,10,0,1
5,5.32253164556964,15,1,1,4,1,1
5,5.32253164556964,17,1,1,4,1,1
5,5.32253164556964,16,1,1,10,1,1
5,5.32253164556964,16,1,1,2,0,1
5,5.32253164556964,15,1,1,26,1,1
5,5.32253164556964,17,1,1,7,0,1
5,5.32253164556964,17,3,1,2,0,1
5,5.32253164556964,16,4,1,16,0,1
5,5.32253164556964,16,4,1,4,1,1
5,5.32253164556964,17,1,1,40,1,1
5,5.32253164556964,18,1,1,4,0,1
5,5.32253164556964,17,1,1,4,1,1
5,5.32253164556964,18,1,1,70,1,1
5,5.32253164556964,18,4,1,10,1,1
5,5.32253164556964,18,1,1,99,1,0
5,5.32253164556964,17,1,1,6,1,1
5,4.4354430379747,18,2,1,96,0,1
5,5.32253164556964,17,1,1,20,1,1
5,5.32253164556964,18,1,1,20,1,1
5,5.32253164556964,16,1,1,NA,1,1
5,5.32253164556964,17,1,1,10,1,1
5,5.32253164556964,15,1,1,20,0,1
5,5.32253164556964,16,1,1,4,0,1
5,5.32253164556964,16,1,1,7,1,1
5,5.32253164556964,17,1,1,6,1,1
5,5.32253164556964,17,1,1,50,0,1
5,5.32253164556964,17,1,1,6,1,1
5,5.32253164556964,17,1,1,15,1,1
5,5.32253164556964,16,1,1,50,1,1
5,5.32253164556964,17,1,1,35,0,1
5,5.32253164556964,16,1,1,4,0,1
5,5.32253164556964,16,1,1,30,1,1
5,5.32253164556964,17,1,1,20,1,1
5,5.32253164556964,15,4,1,2,0,1
5,5.32253164556964,17,1,1,15,0,1
5,5.32253164556964,16,1,1,10,0,1
5,5.32253164556964,16,4,1,20,1,1
5,5.32253164556964,15,1,1,12,0,1
5,5.32253164556964,15,1,1,12,0,1
5,5.32253164556964,15,1,1,25,1,1
5,5.32253164556964,15,1,1,50,1,1
5,5.32253164556964,15,1,1,3,0,1
5,5.32253164556964,15,1,1,20,1,0
5,8.87088607594941,15,5,1,1,0,1
5,8.87088607594941,14,5,1,15,0,1
5,8.87088607594941,16,5,1,NA,0,0
5,8.87088607594941,17,1,1,18,1,1
5,6.20962025316459,16,2,1,4,1,1
5,8.87088607594941,16,1,1,2,0,0
5,8.87088607594941,14,5,1,4,0,1
5,6.20962025316459,14,2,1,4,0,1
5,8.87088607594941,16,1,1,1,0,1
5,8.87088607594941,15,5,2,99,1,1
5,6.20962025316459,16,2,1,6,1,1
5,8.87088607594941,17,5,1,8,0,1
5,6.20962025316459,16,2,1,3,1,1
5,8.87088607594941,16,5,1,20,1,1
5,6.20962025316459,16,2,1,2,1,1
5,8.87088607594941,17,1,1,3,0,1
5,8.87088607594941,16,5,1,8,0,1
5,8.87088607594941,16,5,2,6,1,1
5,8.87088607594941,15,1,2,7,0,1
5,8.87088607594941,14,3,2,NA,1,1
5,8.87088607594941,14,5,1,25,1,1
5,8.87088607594941,16,5,1,26,0,1
5,8.87088607594941,17,1,1,2,0,1
5,8.87088607594941,14,1,2,1,0,0
5,8.87088607594941,17,1,1,18,1,1
5,8.87088607594941,15,1,1,27,1,1
5,8.87088607594941,14,1,1,15,0,1
5,6.20962025316459,17,2,1,13,1,1
5,6.20962025316459,16,2,1,3,1,1
5,8.87088607594941,15,1,2,1,0,1
5,8.87088607594941,15,1,1,20,0,1
5,8.87088607594941,13,3,1,2,0,1
5,6.20962025316459,16,2,1,17,1,1
5,8.87088607594941,14,1,1,3,0,1
5,8.87088607594941,14,5,1,2,0,1
5,8.87088607594941,16,1,1,13,0,1
5,8.87088607594941,14,5,1,15,0,1
5,6.20962025316459,15,2,1,5,0,0
5,8.87088607594941,15,1,1,10,1,1
5,8.87088607594941,16,1,1,6,0,1
5,8.87088607594941,16,1,1,30,0,1
5,6.20962025316459,17,2,1,20,1,1
5,6.20962025316459,16,2,1,5,0,0
5,8.87088607594941,16,1,1,40,1,1
5,8.87088607594941,16,1,2,8,0,1
5,8.87088607594941,16,5,2,11,1,1
5,8.87088607594941,14,5,1,2,0,1
5,8.87088607594941,13,1,1,99,1,1
5,8.87088607594941,15,4,2,3,0,0
5,8.87088607594941,14,1,1,25,0,1
5,8.87088607594941,16,5,1,30,1,1
5,8.87088607594941,16,1,2,15,0,1
5,6.20962025316459,16,2,1,6,0,1
5,6.20962025316459,16,2,1,10,0,1
5,8.87088607594941,15,1,1,8,0,1
5,6.20962025316459,15,2,1,4,0,1
5,8.87088607594941,17,5,1,15,0,1
5,8.87088607594941,16,1,1,5,1,1
5,8.87088607594941,17,5,1,30,1,1
5,6.20962025316459,13,2,2,20,0,1
5,6.20962025316459,16,2,2,1,0,0
5,8.87088607594941,15,1,2,25,0,1
5,6.20962025316459,15,2,1,7,1,1
5,8.87088607594941,16,1,1,16,0,0
5,8.87088607594941,15,1,1,16,0,1
5,6.20962025316459,15,2,1,10,0,0
5,8.87088607594941,16,1,1,3,0,1
5,8.87088607594941,17,1,1,1,0,0
5,8.87088607594941,13,1,1,40,1,1
5,8.87088607594941,13,3,1,7,0,1
5,6.20962025316459,15,2,1,5,0,0
5,8.87088607594941,16,1,1,25,0,1
5,8.87088607594941,16,1,1,4,0,1
5,8.87088607594941,14,1,1,3,0,1
5,6.20962025316459,16,2,1,10,0,0
5,6.20962025316459,13,2,1,NA,0,0
5,8.87088607594941,12,1,1,NA,1,1
5,8.87088607594941,15,1,1,10,0,1
5,8.87088607594941,15,1,1,17,0,1
5,6.20962025316459,17,2,1,10,1,1
5,8.87088607594941,15,1,1,3,0,1
5,6.20962025316459,14,2,1,4,1,0
5,8.87088607594941,17,1,1,17,0,1
5,8.87088607594941,16,1,1,1,0,1
5,8.87088607594941,17,1,1,96,0,1
5,8.87088607594941,16,1,1,6,1,1
5,8.87088607594941,17,1,1,2,0,1
5,8.87088607594941,16,1,1,1,0,1
5,6.20962025316459,17,2,1,6,1,1
5,8.87088607594941,17,1,1,2,1,1
5,8.87088607594941,17,1,1,1,0,1
5,8.87088607594941,16,1,1,6,1,1
5,8.87088607594941,17,1,1,2,0,0
5,8.87088607594941,17,1,1,4,0,1
5,6.20962025316459,17,2,1,7,0,1
5,8.87088607594941,16,1,1,1,1,0
5,8.87088607594941,15,1,1,17,0,1
5,8.87088607594941,15,1,1,20,0,1
5,6.20962025316459,16,2,1,10,0,1
5,8.87088607594941,16,4,1,2,1,1
5,8.87088607594941,16,1,1,8,1,0
5,8.87088607594941,14,1,1,15,0,1
5,8.87088607594941,15,1,1,6,1,1
5,6.20962025316459,16,2,1,5,0,1
5,8.87088607594941,15,1,1,2,0,1
5,8.87088607594941,16,1,1,15,0,1
5,6.20962025316459,17,2,1,5,0,0
5,8.87088607594941,15,1,1,1,0,1
5,8.87088607594941,15,1,2,1,0,1
5,8.87088607594941,16,1,2,99,1,1
5,8.87088607594941,16,1,2,2,0,1
5,8.87088607594941,15,1,2,50,0,0
5,8.87088607594941,15,1,2,5,1,1
5,6.20962025316459,14,2,2,1,0,1
5,6.20962025316459,17,2,2,10,1,1
5,8.87088607594941,16,1,2,20,1,1
5,8.87088607594941,15,1,2,12,1,1
5,8.87088607594941,16,1,2,20,0,1
5,8.87088607594941,14,1,2,7,1,1
5,8.87088607594941,16,1,2,10,1,1
5,6.20962025316459,15,2,2,10,1,1
5,8.87088607594941,17,1,2,30,0,1
5,6.20962025316459,14,2,2,6,0,0
5,8.87088607594941,14,1,2,18,0,1
5,6.20962025316459,14,2,1,10,0,1
5,8.87088607594941,16,1,1,15,0,1
5,6.20962025316459,15,2,1,5,0,1
5,8.87088607594941,16,1,1,5,1,1
5,6.20962025316459,17,2,1,11,0,1
5,6.20962025316459,17,2,1,96,0,1
5,8.87088607594941,15,1,1,1,0,1
5,6.20962025316459,15,2,1,5,0,1
5,6.20962025316459,16,2,1,2,0,0
5,8.87088607594941,16,1,1,6,1,1
5,8.87088607594941,16,1,1,12,1,1
5,8.87088607594941,15,1,1,15,1,1
5,8.87088607594941,16,1,1,12,1,1
5,8.87088607594941,15,1,1,25,1,1
5,8.87088607594941,15,1,1,4,0,1
5,8.87088607594941,17,1,1,25,1,1
5,8.87088607594941,16,1,1,3,0,1
5,6.20962025316459,16,2,1,10,0,0
5,8.87088607594941,17,1,1,6,1,1
5,8.87088607594941,15,1,1,11,0,1
5,6.20962025316459,16,2,1,4,0,1
5,6.20962025316459,15,2,1,5,1,1
5,8.87088607594941,15,1,1,12,1,1
5,6.20962025316459,15,2,1,8,0,0
5,6.20962025316459,15,2,1,8,1,1
5,6.20962025316459,17,2,1,45,0,0
5,8.87088607594941,17,1,1,7,1,1
5,8.87088607594941,16,1,1,7,0,1
5,8.87088607594941,15,1,1,15,0,1
5,8.87088607594941,16,1,1,16,0,1
5,8.87088607594941,17,1,1,15,0,1
5,6.20962025316459,15,2,1,20,0,1
5,8.87088607594941,16,1,1,11,1,1
5,8.87088607594941,15,1,1,4,0,1
5,6.20962025316459,17,2,1,1,0,0
5,8.87088607594941,17,1,1,20,0,1
5,8.87088607594941,17,1,1,8,0,1
5,6.20962025316459,15,2,1,13,0,0
5,8.87088607594941,15,1,1,30,0,1
5,6.20962025316459,16,2,1,10,0,0
5,8.87088607594941,15,1,1,NA,0,1
5,8.87088607594941,17,1,1,10,0,1
5,6.20962025316459,15,2,1,20,1,1
5,8.87088607594941,15,1,1,12,1,1
5,8.87088607594941,16,1,1,30,0,1
5,8.87088607594941,16,1,1,60,0,1
5,6.20962025316459,17,2,1,1,1,0
5,8.87088607594941,17,1,1,16,1,1
5,6.20962025316459,16,2,1,5,0,1
5,8.87088607594941,15,1,1,2,1,1
5,8.87088607594941,14,1,1,1,0,1
5,8.87088607594941,16,1,1,21,0,1
5,8.87088607594941,15,1,1,5,0,1
5,6.20962025316459,16,2,1,14,0,1
5,8.87088607594941,16,1,1,8,1,1
5,6.20962025316459,16,2,1,40,1,1
5,6.20962025316459,20,2,1,1,0,1
5,6.20962025316459,16,2,1,1,0,0
5,8.87088607594941,19,1,1,12,0,1
5,6.20962025316459,16,2,1,3,0,0
5,6.20962025316459,16,2,1,2,0,1
5,6.20962025316459,18,2,1,3,1,1
5,6.20962025316459,18,2,1,1,0,1
5,6.20962025316459,18,2,1,60,0,0
5,6.20962025316459,16,2,1,2,0,0
5,6.20962025316459,18,2,1,3,0,0
5,8.87088607594941,18,1,1,10,1,1
5,8.87088607594941,16,1,1,4,1,1
5,6.20962025316459,15,2,1,3,0,1
5,6.20962025316459,17,2,1,3,0,0
5,6.20962025316459,18,2,1,5,0,1
5,6.20962025316459,18,2,1,10,0,1
5,8.87088607594941,17,1,1,2,0,1
5,6.20962025316459,18,2,1,6,0,0
5,8.87088607594941,16,1,1,1,0,1
5,8.87088607594941,17,1,1,19,0,1
5,6.20962025316459,19,2,1,4,0,1
5,6.20962025316459,17,2,1,5,0,1
5,8.87088607594941,17,1,1,3,1,1
5,6.20962025316459,16,2,1,1,0,0
5,6.20962025316459,17,2,1,96,0,1
5,6.20962025316459,17,2,1,8,1,1
5,6.20962025316459,17,2,1,45,1,1
5,6.20962025316459,15,2,1,15,1,1
5,6.20962025316459,17,2,1,15,0,1
5,8.87088607594941,16,1,1,8,0,1
5,6.20962025316459,17,2,1,8,0,1
5,8.87088607594941,19,1,1,1,0,1
5,6.20962025316459,16,2,1,2,0,1
5,6.20962025316459,16,2,1,3,0,1
5,6.20962025316459,19,2,1,10,1,1
5,8.87088607594941,17,1,1,7,1,1
5,8.87088607594941,17,1,1,4,0,1
5,6.20962025316459,15,2,1,2,0,1
5,6.20962025316459,19,2,1,4,0,1
5,6.20962025316459,18,2,1,90,1,1
5,6.20962025316459,16,2,1,3,0,0
5,6.20962025316459,17,2,1,25,0,1
5,6.20962025316459,15,2,1,1,0,1
5,8.87088607594941,18,1,1,8,0,1
5,8.87088607594941,16,1,1,1,0,1
5,6.20962025316459,16,2,1,2,0,0
5,6.20962025316459,18,2,1,3,0,1
5,8.87088607594941,17,1,1,15,0,1
5,6.20962025316459,18,2,1,6,1,1
5,6.20962025316459,19,2,1,8,0,1
5,8.87088607594941,15,1,1,1,0,1
5,6.20962025316459,17,2,1,2,0,0
5,8.87088607594941,17,1,1,35,1,1
5,6.20962025316459,18,2,1,6,0,1
5,6.20962025316459,20,2,1,7,1,1
5,8.87088607594941,17,1,1,20,1,1
5,8.87088607594941,16,1,1,8,1,1
5,8.87088607594941,16,1,1,4,0,1
5,6.20962025316459,16,2,1,2,0,1
5,6.20962025316459,17,2,1,6,1,1
5,6.20962025316459,15,2,1,10,0,1
5,8.87088607594941,16,1,1,2,0,1
5,6.20962025316459,17,2,1,8,0,1
5,6.20962025316459,18,2,1,4,0,0
5,6.20962025316459,15,2,1,14,1,1
5,6.20962025316459,18,2,1,15,1,1
5,6.20962025316459,18,2,1,4,0,1
5,6.20962025316459,19,2,1,2,0,1
5,6.20962025316459,17,2,1,5,1,1
5,6.20962025316459,16,2,1,7,0,1
5,6.20962025316459,18,2,1,10,0,1
5,6.20962025316459,17,2,1,25,0,1
5,6.20962025316459,18,2,1,20,1,1
5,8.87088607594941,17,1,1,NA,1,1
5,6.20962025316459,16,2,1,8,1,1
5,6.20962025316459,16,2,1,1,0,0
5,6.20962025316459,19,2,1,2,0,1
5,6.20962025316459,19,2,1,3,1,1
5,6.20962025316459,17,2,1,1,0,0
5,6.20962025316459,18,2,1,10,1,0
5,8.87088607594941,18,1,1,6,0,1
5,8.87088607594941,16,1,1,30,0,1
5,6.20962025316459,17,2,1,2,0,1
6,8,16,1,1,14,1,1
6,8,18,1,1,6,0,NA
6,8,17,1,1,5,1,1
6,8,18,2,1,8,1,1
6,8,17,2,1,15,1,1
6,8,18,1,1,3,0,1
6,8,17,1,1,8,0,1
6,8,17,5,1,7,1,1
6,8,18,2,1,27,1,1
6,8,19,1,1,20,1,1
6,8,17,2,1,4,0,1
6,8,17,2,1,3,1,0
6,8,18,2,1,11,0,1
6,8,18,2,1,5,0,1
6,8,18,2,1,5,0,1
6,8,17,2,1,2,1,1
6,8,20,2,1,1,0,1
6,8,18,1,1,20,0,1
6,8,17,2,1,4,0,1
6,8,19,5,1,3,0,1
6,8,17,2,1,3,0,1
6,8,17,2,1,NA,1,0
6,8,18,1,1,NA,1,1
6,8,17,1,1,2,0,1
6,8,17,2,1,3,0,1
6,8,17,2,1,20,1,1
6,8,17,2,1,4,1,1
6,8,21,2,1,4,1,0
6,8,22,2,1,10,1,1
6,8,18,2,1,3,1,1
6,8,18,NA,1,1,1,1
6,8,19,5,1,3,0,1
6,8,19,2,1,45,0,1
6,8,18,2,1,10,1,1
6,8,18,2,1,6,0,1
6,8,18,1,1,8,0,1
6,8,18,2,1,17,1,1
6,8,19,1,1,3,0,1
6,8,17,1,1,20,0,1
6,8,17,2,1,6,0,1
6,8,19,2,1,1,0,1
6,8,17,5,1,6,1,1
6,8,16,2,1,3,0,1
6,8,16,2,1,30,1,1
6,8,18,2,1,1,0,NA
6,8,16,2,1,7,0,1
6,8,16,1,1,40,1,1
7,7.17948717948718,14,2,1,24,1,1
7,7.17948717948718,13,2,1,3,1,1
7,7.17948717948718,12,2,2,4,0,0
7,7.17948717948718,15,2,1,6,0,0
7,7.17948717948718,14,2,1,4,1,1
7,10.0512820512821,14,1,1,20,0,1
7,10.0512820512821,16,1,2,2,0,1
8,8,18,1,1,12,0,1
8,8,19,2,1,6,1,1
8,8,15,1,1,7,1,1
8,8,17,2,1,2,1,1
8,8,16,1,1,25,0,1
8,8,18,1,1,1,0,1
8,8,15,2,1,2,0,1
8,8,18,2,1,6,0,1
8,8,16,1,1,15,1,1
8,8,16,1,1,10,0,1
8,8,16,1,1,10,0,0
8,8,17,1,1,20,0,NA
8,8,16,5,1,10,0,1
8,8,18,1,1,10,0,1
8,8,17,1,1,8,0,1
8,8,18,5,1,5,1,1
8,8,16,2,1,8,0,1
8,8,19,5,1,2,0,0
8,8,18,1,1,4,0,1
8,8,16,1,1,1,0,1
8,8,16,1,1,4,0,1
8,8,18,1,1,40,1,1
8,8,16,2,1,5,1,1
8,8,14,1,1,5,1,1
8,8,15,1,1,5,0,1
8,8,19,1,1,10,1,1
8,8,18,1,1,1,0,1
8,8,15,2,1,1,1,0
8,8,17,1,1,15,0,1
8,8,18,1,1,1,0,1
8,8,17,2,1,25,1,1
8,8,15,1,1,5,1,0
8,8,15,5,1,15,1,1
8,8,17,3,1,5,1,1
8,8,16,5,1,15,0,1
8,8,16,1,1,15,0,1
8,8,17,2,1,3,0,0
8,8,17,1,1,18,1,1
8,8,17,1,1,17,1,1
8,8,18,1,1,49,1,1
8,8,18,1,1,21,0,1
8,8,18,1,1,6,0,1
8,8,17,2,1,10,1,0
8,8,16,1,1,40,1,0
8,8,17,1,1,8,0,1
8,8,15,5,1,2,1,0
8,8,17,2,1,7,1,1
8,8,18,1,1,2,1,0
8,8,18,1,1,99,1,1
8,8,17,1,1,1,0,1
8,8,18,1,1,10,0,1
8,8,17,5,1,2,0,1
8,8,16,1,1,6,1,1
8,8,15,1,1,10,1,1
8,8,17,2,1,1,0,1
8,8,18,1,1,5,1,1
8,8,16,1,1,2,0,1
8,8,15,1,1,7,1,1
8,8,15,2,1,4,1,0
8,8,17,1,1,6,1,1
8,8,16,2,1,5,0,1
8,8,15,1,1,4,0,1
8,8,17,1,1,10,1,1
8,8,17,2,1,3,0,0
8,8,16,1,1,1,0,1
8,8,17,1,1,5,0,1
9,8,24,1,1,7,0,1
9,8,18,4,1,99,0,1
9,8,20,2,1,2,0,1
9,8,21,1,1,1,0,1
9,8,18,1,1,10,0,1
9,8,22,2,1,1,0,0
9,8,20,2,1,1,0,1
9,8,21,1,1,15,1,1
9,8,18,1,1,2,1,1
9,8,19,1,1,7,0,1
9,8,19,1,1,2,0,1
9,8,21,1,1,1,0,1
9,8,21,2,1,99,1,1
9,8,20,1,1,1,0,1
9,8,19,1,1,99,0,1
9,8,18,2,1,4,1,1
9,8,24,1,1,99,1,1
9,8,19,1,1,1,0,1
9,8,18,1,1,4,0,1
9,8,18,1,1,4,0,1
9,8,20,2,1,1,0,0
9,8,20,2,1,5,1,1
9,8,20,1,1,7,0,1
9,8,20,1,1,30,0,1
9,8,22,1,1,2,0,1
9,8,20,4,1,4,1,1
9,8,19,1,1,4,1,1
9,8,22,1,1,3,0,1
9,8,19,1,1,3,0,1
9,8,18,2,1,1,0,0
9,8,20,1,1,13,1,1
9,8,22,2,1,5,1,1
9,8,24,1,1,4,0,1
9,8,20,2,1,4,0,0
9,8,20,2,1,15,1,1
9,8,21,2,1,2,0,0
9,8,20,2,1,5,0,1
9,8,19,1,1,5,0,1
9,8,21,1,1,2,0,1
9,8,20,1,1,6,0,1
9,8,18,1,1,5,0,1
9,8,19,1,1,15,1,1
9,8,19,1,1,10,1,1
9,8,20,1,1,16,0,1
9,8,21,2,1,1,0,1
9,8,18,1,1,2,0,1
9,8,19,2,1,7,0,1
9,8,18,1,1,4,0,1
9,8,20,1,1,2,0,0
9,8,20,1,1,99,1,1
9,8,19,3,1,26,1,1
9,8,18,1,1,6,0,1
9,8,20,1,1,1,0,1
9,8,21,1,1,7,0,1
9,8,20,4,1,4,0,1
9,8,21,3,1,3,0,0
9,8,20,1,1,1,0,0
9,8,20,2,1,50,1,0
9,8,19,2,1,2,0,0
9,8,22,1,1,1,0,0
9,8,19,1,1,4,0,1
9,8,19,1,1,99,1,1
9,8,21,1,1,1,0,1
9,8,19,2,1,1,0,1
9,8,20,1,1,5,0,1
9,8,18,2,1,10,1,1
9,8,20,1,1,4,0,1
9,8,19,2,1,5,1,1
9,8,22,1,1,1,1,1
9,8,20,2,1,5,1,0
9,8,17,2,1,5,0,1
9,8,20,1,1,3,0,1
9,8,19,1,1,99,1,1
9,8,19,2,1,10,0,1
9,8,19,2,1,NA,0,1
9,8,20,2,1,2,0,0
9,8,20,1,1,15,0,1
9,8,18,1,1,7,0,1
10,8,19,1,1,6,1,1
10,8,17,1,1,20,0,1
10,8,19,4,1,2,0,1
10,8,19,1,1,12,0,1
10,8,18,2,1,3,0,1
10,8,17,1,1,NA,1,1
10,8,18,2,1,3,0,1
10,8,21,1,1,10,0,1
10,8,18,1,1,4,0,1
10,8,16,1,1,13,1,1
10,8,19,1,1,1,0,1
10,8,20,2,1,24,1,1
10,8,18,1,1,8,0,1
10,8,18,1,1,3,1,1
10,8,17,2,1,8,1,1
10,8,20,1,1,3,1,1
10,8,18,2,1,10,1,1
10,8,18,1,1,50,1,1
10,8,18,2,1,2,1,1
10,8,18,2,1,3,0,1
10,8,19,1,1,12,1,1
10,8,17,1,1,5,1,1
10,8,17,2,1,2,0,1
10,8,20,1,1,80,1,1
10,8,18,2,1,8,1,1
10,8,19,1,1,8,1,1
10,8,17,2,1,6,1,0
10,8,17,1,1,2,0,1
10,8,19,2,1,8,0,1
10,8,19,2,1,6,1,1
10,8,19,1,1,6,1,1
10,8,17,2,1,2,0,0
10,8,18,1,1,3,0,1
10,8,20,1,1,1,0,1
10,8,17,2,1,8,1,1
10,8,19,1,1,3,0,1
10,8,21,1,1,5,1,1
10,8,19,1,1,3,1,1
10,8,19,2,1,30,0,1
10,8,18,1,1,5,0,1
10,8,18,4,1,15,1,1
10,8,18,1,1,2,0,0
10,8,21,1,1,2,0,1
10,8,18,1,1,1,0,1
10,8,20,1,1,8,0,1
10,8,19,2,1,7,1,1
10,8,18,2,1,2,0,1
10,8,18,1,1,1,0,1
10,8,19,1,1,45,1,1
10,8,22,2,1,4,1,1
10,8,18,1,1,20,0,1
10,8,18,4,1,4,1,1
10,8,18,1,1,7,0,1
10,8,18,4,1,20,0,1
10,8,19,1,1,4,0,1
10,8,17,2,1,2,1,0
10,8,17,1,1,4,1,1
10,8,19,1,1,4,1,1
10,8,19,2,1,6,1,1
10,8,17,5,1,5,0,1
10,8,16,3,1,21,1,1
10,8,19,1,1,4,0,1
10,8,18,2,1,10,1,1
10,8,17,1,1,2,1,1
10,8,17,2,1,2,1,1
11,8,18,2,1,70,0,1
11,8,17,1,1,5,0,1
11,8,18,1,1,7,0,1
11,8,17,1,1,7,0,1
11,8,16,2,1,10,1,1
11,8,18,2,1,4,0,1
11,8,17,1,1,13,1,1
11,8,18,2,1,5,0,0
11,8,17,2,1,2,0,0
11,8,16,2,1,14,1,1
11,8,17,2,1,20,1,1
11,8,17,1,1,25,1,1
11,8,19,1,1,10,1,1
11,8,16,4,1,1,0,1
11,8,16,2,1,4,0,1
11,8,18,2,1,15,1,1
11,8,18,1,1,5,0,1
11,8,17,2,1,4,0,1
11,8,18,1,1,6,1,1
11,8,18,1,1,5,0,1
11,8,17,1,1,17,0,1
11,8,17,1,1,8,1,1
11,8,19,2,1,4,0,0
11,8,18,1,1,13,1,1
11,8,17,1,1,13,1,1
11,8,18,1,1,6,0,1
11,8,18,2,1,25,1,1
11,8,17,2,1,4,1,1
11,8,16,1,1,3,1,1
11,8,17,1,1,30,1,1
11,8,19,1,1,8,1,1
11,8,19,2,1,3,0,1
11,8,18,1,1,20,1,1
11,8,18,1,1,2,0,1
11,8,20,1,1,10,1,1
11,8,18,1,1,11,1,1
11,8,18,1,1,8,1,1
11,8,18,1,1,13,0,1
11,8,19,2,1,NA,1,1
11,8,18,5,1,5,0,1
11,8,18,1,1,20,1,1
11,8,20,1,1,2,0,1
11,8,17,2,1,10,1,1
11,8,17,1,1,15,1,1
11,8,18,3,1,3,1,1
11,8,18,3,1,12,0,1
11,8,17,2,1,7,1,1
11,8,17,1,1,20,1,1
11,8,17,1,1,99,0,1
11,8,18,2,1,8,1,1
11,8,16,2,1,5,1,1
11,8,18,2,1,7,0,1
11,8,17,2,1,7,0,1
11,8,16,2,1,6,1,1
11,8,17,2,1,6,0,1
11,8,18,1,1,16,0,1
11,8,18,2,1,15,1,0
11,8,19,1,1,20,1,1
11,8,17,1,1,5,0,1
11,8,18,1,1,23,0,1
11,8,17,2,1,6,0,1
11,8,18,2,1,6,0,1
11,8,16,2,1,7,0,1
11,8,17,1,1,20,0,1
11,8,17,2,1,5,1,1
11,8,18,2,1,12,1,1
11,8,17,1,1,4,0,1
11,8,17,2,1,15,0,1
11,8,16,1,1,5,1,1
11,8,15,2,1,3,0,1
11,8,18,1,1,20,0,1
11,8,17,2,1,2,0,0
11,8,17,3,1,21,1,1
11,8,18,2,1,30,1,1
11,8,18,2,1,25,1,1
11,8,18,2,1,8,1,1
11,8,17,1,1,7,0,1
11,8,18,1,1,NA,0,1
11,8,19,2,1,4,0,1
11,8,18,2,1,4,0,0
11,8,18,1,1,3,0,1
11,8,18,1,1,17,0,1
11,8,17,4,1,13,1,1
11,8,17,2,1,5,0,1
12,7.11111111111111,17,2,1,2,1,0
12,7.11111111111111,16,2,2,3,0,1
12,7.11111111111111,14,2,1,5,1,1
12,7.11111111111111,16,2,1,1,0,0
12,7.11111111111111,16,2,1,3,0,1
12,7.11111111111111,16,2,1,4,1,1
12,7.11111111111111,18,2,1,3,1,1
12,9.95555555555556,17,1,1,1,0,1
12,9.95555555555556,17,1,1,10,1,1
12,7.11111111111111,16,2,1,10,1,0
12,9.95555555555556,17,1,1,8,0,1
12,7.11111111111111,16,2,1,3,1,0
12,7.11111111111111,13,2,1,1,0,1
12,7.11111111111111,17,2,1,6,0,0
12,9.95555555555556,16,1,2,99,0,1
12,9.95555555555556,16,1,1,3,1,0
12,7.11111111111111,17,2,1,15,0,0
12,7.11111111111111,17,2,1,3,0,1
12,7.11111111111111,17,2,1,2,0,0
12,9.95555555555556,16,1,1,1,0,1
12,7.11111111111111,18,2,1,26,0,1
12,9.95555555555556,17,1,1,10,1,1
12,7.11111111111111,18,2,1,8,1,1
12,9.95555555555556,18,1,1,20,0,1
12,7.11111111111111,18,2,1,2,0,0
12,7.11111111111111,17,2,1,NA,1,1
12,7.11111111111111,17,2,1,3,0,1
12,7.11111111111111,18,2,1,3,0,1
12,7.11111111111111,15,2,2,6,1,1
12,9.95555555555556,18,1,1,30,0,1
12,7.11111111111111,18,2,1,13,1,1
12,7.11111111111111,16,2,1,2,0,1
12,9.95555555555556,17,1,1,2,1,0
12,9.95555555555556,17,1,1,1,0,0
12,7.11111111111111,17,2,1,14,0,1
12,7.11111111111111,18,2,1,2,0,1
12,9.95555555555556,16,1,1,15,1,1
12,7.11111111111111,16,2,1,16,0,1
12,9.95555555555556,14,1,1,5,0,1
12,7.11111111111111,16,2,1,5,0,1
12,7.11111111111111,15,2,1,3,0,1
12,7.11111111111111,17,2,1,2,0,0
12,9.95555555555556,17,1,1,2,0,1
12,9.95555555555556,16,1,1,1,0,1
12,7.11111111111111,15,2,1,4,0,1
12,7.11111111111111,16,2,1,2,0,0
12,7.11111111111111,14,2,1,2,0,1
12,7.11111111111111,15,2,1,4,0,1
13,8,17,2,1,5,1,0
13,8,17,1,1,3,0,1
13,8,17,1,1,6,1,1
13,8,16,1,1,10,0,1
13,8,17,2,1,4,0,1
13,8,17,2,1,25,0,0
13,8,16,2,1,4,0,1
13,8,17,1,1,1,0,0
13,8,19,3,1,8,0,1
13,8,17,2,1,4,1,1
13,8,17,2,1,6,0,1
13,8,17,1,1,2,0,1
13,8,17,2,1,6,1,1
13,8,18,2,1,1,0,1
13,8,17,2,1,12,0,0
13,8,18,1,1,20,0,1
13,8,17,2,1,15,1,1
13,8,18,1,1,16,1,1
13,8,17,2,1,4,0,0
13,8,19,1,1,3,0,0
13,8,16,5,1,3,0,1
13,8,19,2,1,NA,0,1
13,8,17,2,1,15,0,1
13,8,18,2,1,20,0,1
13,8,17,2,1,6,1,1
13,8,16,2,1,8,1,1
13,8,17,1,1,30,1,1
13,8,16,2,1,5,1,1
13,8,15,2,1,1,0,1
13,8,16,1,1,11,1,1
13,8,15,1,1,16,0,1
13,8,15,2,1,4,0,1
13,8,17,2,1,1,0,0
13,8,17,4,1,50,1,1
13,8,17,2,1,50,0,1
13,8,17,2,1,7,1,1
13,8,16,4,1,5,1,1
13,8,17,1,1,15,1,1
13,8,16,1,1,4,0,1
13,8,18,1,1,2,0,1
13,8,17,1,1,3,0,1
13,8,17,1,1,25,1,1
13,8,17,1,1,7,1,1
13,8,17,1,1,25,1,1
13,8,15,3,1,1,0,0
13,8,18,2,1,4,1,1
13,8,17,2,1,5,1,1
13,8,16,2,1,NA,0,1
13,8,17,2,1,1,0,0
13,8,17,1,1,4,0,1
13,8,17,2,1,1,0,0
13,8,17,2,1,3,1,1
13,8,18,2,1,4,0,1
13,8,19,2,1,7,1,0
13,8,16,1,1,6,0,1
13,8,16,2,1,5,1,1
13,8,17,1,1,2,1,1
13,8,18,2,1,3,1,1
13,8,19,2,1,4,0,1
13,8,19,2,1,12,1,1
13,8,17,1,1,15,0,1
13,8,18,1,1,1,0,0
13,8,19,1,1,20,1,1
13,8,19,1,1,1,0,1
13,8,17,2,1,7,0,1
13,8,17,2,1,4,1,1
13,8,17,1,1,7,0,0
13,8,13,2,1,8,1,0
13,8,16,1,1,8,0,1
13,8,16,1,1,7,0,1
13,8,18,2,1,3,0,1
13,8,15,2,1,8,1,1
13,8,17,1,1,13,0,1
13,8,18,3,1,4,1,1
13,8,17,1,1,7,0,1
13,8,15,5,1,7,1,1
13,8,16,2,1,10,1,1
13,8,19,1,1,1,0,1
13,8,17,1,1,15,1,1
13,8,16,1,1,NA,0,1
13,8,20,2,1,2,1,1
13,8,22,1,1,4,0,1
13,8,19,2,1,3,1,0
13,8,18,1,1,5,1,1
13,8,21,1,1,3,0,1
13,8,18,1,1,6,1,1
13,8,18,2,1,15,1,1
13,8,17,1,1,1,0,1
13,8,16,1,1,3,0,1
13,8,19,5,1,1,0,0
13,8,17,2,1,6,1,0
13,8,16,5,1,5,0,1
13,8,18,1,1,4,1,0
14,11,19,5,2,28,1,1
14,11,19,1,2,1,0,1
14,11,19,1,2,23,0,1
14,11,18,1,1,5,1,1
14,11,17,2,2,NA,1,0
14,11,18,1,1,13,0,1
14,11,21,2,2,1,0,0
14,11,19,2,1,1,0,1
14,11,18,1,1,5,0,1
14,11,19,1,1,11,1,1
14,11,19,1,1,50,0,1
14,11,20,2,1,15,0,1
14,11,18,1,1,7,0,1
14,11,20,1,1,1,0,1
14,11,19,1,2,15,1,1
14,11,19,2,2,2,0,1
14,11,17,1,1,10,0,1
14,11,17,1,2,20,1,1
14,11,19,1,1,7,0,1
14,11,21,2,2,5,0,1
14,11,23,2,1,2,0,1
14,11,16,1,2,15,1,1
14,11,19,1,2,15,1,1
14,11,20,2,2,4,1,1
14,11,16,1,2,3,0,1
14,11,18,1,1,6,0,1
14,11,20,2,1,1,0,1
14,11,20,2,1,6,1,1
14,11,19,2,2,40,1,1
14,11,20,1,1,3,0,1
14,11,17,2,1,4,0,1
14,11,19,2,1,13,0,1
14,11,15,1,2,11,0,1
14,11,20,1,2,1,0,1
14,11,19,2,1,3,0,1
14,11,17,2,1,8,1,1
14,11,20,2,1,12,1,1
14,11,19,1,1,1,0,1
14,11,19,1,1,10,1,1
14,11,22,2,2,3,0,1
14,11,19,1,1,3,0,1
14,11,18,1,1,10,1,1
14,11,18,2,2,4,1,1
14,11,19,1,1,6,1,1
14,11,22,2,1,8,0,1
14,11,18,1,1,15,1,1
14,11,20,2,2,1,0,1
14,11,15,1,2,NA,1,1
14,11,20,3,2,NA,1,1
14,11,19,1,1,8,1,1
14,11,15,1,2,13,1,1
14,11,17,2,1,NA,0,1
14,11,19,2,1,10,1,1
14,11,18,2,2,6,0,1
14,11,19,2,2,5,1,1
14,11,19,2,1,NA,0,1
14,11,21,1,2,3,0,1
14,11,21,1,1,1,0,0
14,11,17,1,2,10,1,1
14,11,18,2,1,2,0,0
14,11,18,1,1,10,0,1
14,11,19,2,1,38,1,1
14,11,18,2,1,6,0,1
14,11,18,2,1,15,1,1
14,11,19,2,1,15,0,0
14,11,19,3,2,1,0,0
14,11,19,2,1,22,0,1
14,11,19,1,2,1,0,1
14,11,18,1,2,18,0,1
14,11,18,1,1,15,0,1
14,11,18,1,2,3,0,1
14,11,17,4,2,3,0,0
14,11,19,2,1,10,1,1
14,11,17,1,2,13,0,1
14,11,23,2,1,7,0,1
14,11,20,1,1,17,1,1
14,11,18,2,1,NA,0,0
15,8,19,1,1,15,1,1
15,8,18,2,1,7,0,0
15,8,21,1,1,2,0,1
15,8,20,1,1,20,1,1
15,8,20,2,1,3,0,0
15,8,19,2,1,7,1,0
15,8,20,1,1,12,0,1
15,8,23,1,1,15,1,1
15,8,19,2,1,1,0,1
15,8,19,2,1,99,0,1
15,8,22,2,1,2,0,1
15,8,20,1,1,12,0,1
15,8,24,4,1,20,1,1
15,8,19,2,1,35,1,1
15,8,23,3,1,1,0,0
15,8,19,1,1,6,0,1
15,8,20,1,1,4,0,1
15,8,20,2,1,20,1,0
15,8,19,1,1,6,1,1
15,8,21,1,1,NA,1,1
15,8,19,1,1,30,1,1
15,8,20,2,1,7,1,1
15,8,18,2,1,2,0,1
15,8,21,1,1,18,1,1
15,8,18,1,1,20,0,1
15,8,24,2,1,99,0,1
15,8,21,2,1,10,1,1
15,8,19,1,1,13,1,1
15,8,20,1,1,20,1,1
15,8,18,1,1,10,1,1
15,8,18,1,1,7,0,1
15,8,18,2,1,20,1,0
15,8,19,4,1,25,0,1
15,8,24,1,1,11,1,1
15,8,19,2,1,6,0,1
15,8,16,2,1,5,0,1
15,8,20,2,1,4,1,1
15,8,19,2,1,1,1,1
15,8,19,2,1,96,1,1
15,8,18,1,1,25,1,1
15,8,20,2,1,40,1,1
15,8,20,2,1,4,0,1
15,8,19,1,1,10,1,1
15,8,20,1,1,20,0,1
15,8,18,2,1,13,1,1
15,8,22,2,1,7,1,1
15,8,18,2,1,5,1,1
15,8,18,2,1,7,0,0
15,8,19,2,1,7,0,1
15,8,19,2,1,1,0,0
15,8,19,1,1,5,0,1
15,8,20,2,1,2,0,1
15,8,20,2,1,40,0,1
15,8,18,1,1,3,1,1
15,8,20,1,1,10,1,1
15,8,21,1,1,10,1,1
15,8,18,1,1,4,1,1
15,8,18,1,1,4,1,1
15,8,21,1,1,6,0,1
15,8,21,2,1,2,0,1
15,8,20,1,1,10,1,1
15,8,19,1,1,20,1,1
15,8,20,1,1,5,0,1
15,8,21,2,1,15,0,1
15,8,20,2,1,12,0,1
15,8,19,2,1,4,0,1
15,8,19,1,1,15,1,1
15,8,21,2,1,15,0,1
15,8,18,1,1,40,1,1
15,8,17,1,1,2,0,0
15,8,20,1,1,1,0,1
15,8,19,1,1,11,1,1
15,8,18,2,1,7,1,1
15,8,19,2,1,6,1,1
15,8,18,1,1,10,0,1
15,8,18,1,1,15,1,1
15,8,19,2,1,3,0,1
15,8,22,1,1,7,0,1
15,8,17,2,1,3,1,1
15,8,20,1,1,2,0,1
15,8,21,1,1,10,1,1
15,8,20,3,1,1,0,1
15,8,19,1,1,4,0,1
15,8,24,2,1,4,0,1
15,8,18,2,1,5,0,0
15,8,20,2,1,5,1,1
15,8,21,2,1,2,1,1
15,8,17,2,1,3,0,1
15,8,18,2,1,26,1,1
15,8,19,2,1,6,0,1
15,8,20,2,1,7,1,1
15,8,19,2,1,13,1,1
15,8,19,2,1,13,1,1
15,8,19,1,1,4,0,1
15,8,21,1,1,1,0,1
15,8,19,2,1,3,0,0
15,8,20,1,1,12,1,1
15,8,19,2,1,25,0,0
15,8,19,2,1,10,1,0
15,8,20,2,1,2,0,1
15,8,23,1,1,4,0,1
15,8,23,1,1,4,0,1
15,8,21,1,1,10,1,1
16,12,18,2,1,3,0,1
16,12,24,2,1,10,0,1
16,12,22,2,1,1,0,1
16,12,20,1,1,2,0,1
16,12,20,1,1,2,1,1
16,12,20,1,1,1,0,0
16,12,23,1,1,10,1,1
16,12,20,1,1,3,0,1
16,12,21,1,1,3,0,1
16,12,21,2,1,15,1,1
16,12,20,1,1,6,1,1
16,12,20,1,1,1,0,1
16,12,20,1,1,3,0,1
16,12,19,1,1,12,1,1
16,12,22,1,1,8,0,1
16,12,22,2,1,10,1,1
16,12,19,2,1,2,1,1
16,12,21,2,1,5,0,1
16,12,24,2,1,1,1,1
16,12,18,1,1,10,0,1
16,12,19,1,1,1,0,0
16,12,21,2,1,3,0,1
16,12,23,1,1,15,1,1
16,12,21,1,1,7,1,1
16,12,22,2,1,NA,1,0
16,12,23,1,1,2,0,1
16,12,24,1,1,4,1,1
16,12,19,2,1,3,0,1
16,12,18,2,1,12,0,1
16,12,23,1,1,2,0,1
16,12,20,2,1,30,1,1
16,12,21,1,1,10,1,1
16,12,19,2,1,NA,1,1
16,12,23,1,1,5,0,1
16,12,20,1,1,3,0,1
16,12,21,2,1,4,0,1
16,12,20,2,1,5,1,1
16,12,19,1,1,2,0,1
16,12,18,2,1,6,0,0
16,12,19,2,1,7,0,1
16,12,22,1,1,4,0,0
16,12,21,2,1,1,0,1
16,12,19,1,1,12,0,1
16,12,20,1,1,4,0,1
16,12,20,1,1,20,1,1
16,12,19,1,1,4,0,1
16,12,20,1,1,8,1,1
16,12,20,1,1,7,1,1
16,12,20,1,1,7,0,1
16,12,18,1,1,4,0,1
16,12,19,1,1,10,1,1
16,12,18,2,1,7,1,0
16,12,20,1,1,3,0,1
16,12,19,2,1,6,1,1
16,12,20,1,1,6,1,1
16,12,18,4,1,1,1,1
16,12,23,2,1,20,1,1
16,12,18,2,1,3,0,0
16,12,19,2,1,NA,0,1
16,12,24,2,1,20,1,1
16,12,19,1,1,2,0,1
16,12,23,4,1,10,0,1
16,12,20,2,1,1,0,1
16,12,19,2,1,4,1,1
16,12,19,1,1,50,1,1
16,12,19,1,1,20,0,1
16,12,19,1,1,99,1,1
16,12,19,1,1,1,0,1
16,12,19,1,1,10,0,1
16,12,21,1,1,15,1,1
16,12,19,2,1,5,0,1
16,12,20,2,1,5,1,1
16,12,20,2,1,10,1,1
16,12,22,1,1,20,1,1
16,12,22,2,1,16,1,1
16,12,18,2,1,50,0,1
16,12,18,2,1,1,0,1
16,12,20,2,1,11,1,1
16,12,21,1,1,3,0,1
16,12,18,2,1,99,1,1
16,12,21,2,1,3,1,0
16,12,17,1,1,4,0,1
16,12,20,2,1,3,1,1
16,12,20,1,1,7,0,1
16,12,21,1,1,3,0,1
16,12,19,2,1,3,0,1
16,12,19,2,1,15,1,1
16,12,20,1,1,3,0,1
16,12,20,1,1,2,0,1
16,12,19,1,1,4,0,1
16,12,19,1,1,NA,1,1
16,12,18,1,1,15,0,1
16,12,20,2,1,NA,0,1
16,12,21,2,1,4,1,0
16,12,20,1,1,4,0,1
16,12,20,1,1,1,0,1
16,12,19,1,1,3,0,1
16,12,20,1,1,2,0,1
16,12,21,2,1,99,1,0
16,12,21,2,1,3,1,1
16,12,23,1,1,20,0,1
16,12,22,1,1,3,0,1
16,12,18,1,1,6,1,1
16,12,20,1,1,40,1,1
16,12,20,2,1,13,1,1
16,12,18,1,1,3,1,0
16,12,20,1,1,5,1,1
16,12,16,2,1,6,1,1
16,12,19,1,1,8,1,1
16,12,21,1,1,15,1,1
16,12,20,1,1,10,0,1
16,12,24,1,1,30,0,1
16,12,20,1,1,3,0,1
16,12,20,1,1,4,1,1
16,12,19,1,1,1,0,1
16,12,22,1,1,10,1,1
16,12,20,2,1,7,0,1
16,12,19,1,1,25,1,1
16,12,21,2,1,99,0,NA
16,12,20,1,1,2,0,1
16,12,21,1,1,7,1,1
16,12,17,2,1,3,0,0
16,12,21,2,1,3,0,1
16,12,21,1,1,7,1,1
16,12,20,1,1,7,1,1
16,12,20,2,1,3,1,1
16,12,19,1,1,4,0,0
16,12,20,1,1,3,0,1
16,12,18,1,1,10,1,1
16,12,20,2,1,12,0,1
16,12,22,2,1,5,1,1
16,12,22,1,1,3,0,1
16,12,19,1,1,1,0,1
16,12,19,2,1,3,1,1
16,12,21,2,1,1,0,1
16,12,18,2,1,5,0,0
16,12,19,1,1,50,1,1
16,12,19,2,1,5,0,1
16,12,19,1,1,20,1,1
16,12,19,2,1,7,1,1
16,12,18,1,1,10,1,1
16,12,20,2,1,10,1,1
16,12,21,1,1,17,1,1
16,12,18,1,1,3,0,0
16,12,18,1,1,3,1,1
16,12,22,1,1,20,0,1
16,12,21,2,1,8,1,1
16,12,18,2,1,12,1,0
16,12,21,2,1,10,1,0
16,12,19,2,1,4,1,1
16,12,21,2,1,5,0,0
16,12,22,4,1,3,1,1
16,12,19,1,1,8,1,1
16,12,24,2,1,7,0,0
